image_path,split,drug,class,label,synthetic,timepoint_seconds,lighting_factor,image_size,source
train/heroin/positive/heroin_positive_0000.png,train,heroin,positive,1,True,15,1.1488,224x224,synthetically generated prototype image
train/heroin/positive/heroin_positive_0001.png,train,heroin,positive,1,True,15,1.1552,224x224,synthetically generated prototype image
train/heroin/positive/heroin_positive_0002.png,train,heroin,positive,1,True,15,1.0616,224x224,synthetically generated prototype image
train/heroin/positive/heroin_positive_0003.png,train,heroin,positive,1,True,30,1.0059,224x224,synthetically generated prototype image
train/heroin/positive/heroin_positive_0004.png,train,heroin,positive,1,True,45,0.9931,224x224,synthetically generated prototype image
train/heroin/positive/heroin_positive_0005.png,train,heroin,positive,1,True,15,1.0408,224x224,synthetically generated prototype image
train/heroin/positive/heroin_positive_0006.png,train,heroin,positive,1,True,45,1.16,224x224,synthetically generated prototype image
train/heroin/positive/heroin_positive_0007.png,train,heroin,positive,1,True,30,0.8681,224x224,synthetically generated prototype image
train/heroin/positive/heroin_positive_0008.png,train,heroin,positive,1,True,30,1.1517,224x224,synthetically generated prototype image
train/heroin/positive/heroin_positive_0009.png,train,heroin,positive,1,True,45,0.9065,224x224,synthetically generated prototype image
train/heroin/positive/heroin_positive_0010.png,train,heroin,positive,1,True,15,1.082,224x224,synthetically generated prototype image
train/heroin/positive/heroin_positive_0011.png,train,heroin,positive,1,True,0,0.9531,224x224,synthetically generated prototype image
train/heroin/positive/heroin_positive_0012.png,train,heroin,positive,1,True,45,0.9171,224x224,synthetically generated prototype image
train/heroin/positive/heroin_positive_0013.png,train,heroin,positive,1,True,45,1.1098,224x224,synthetically generated prototype image
train/heroin/positive/heroin_positive_0014.png,train,heroin,positive,1,True,15,0.8828,224x224,synthetically generated prototype image
train/heroin/positive/heroin_positive_0015.png,train,heroin,positive,1,True,30,0.8622,224x224,synthetically generated prototype image
train/heroin/positive/heroin_positive_0016.png,train,heroin,positive,1,True,15,1.0287,224x224,synthetically generated prototype image
train/heroin/positive/heroin_positive_0017.png,train,heroin,positive,1,True,45,1.1107,224x224,synthetically generated prototype image
train/heroin/positive/heroin_positive_0018.png,train,heroin,positive,1,True,45,0.8714,224x224,synthetically generated prototype image
train/heroin/positive/heroin_positive_0019.png,train,heroin,positive,1,True,30,1.0821,224x224,synthetically generated prototype image
train/heroin/positive/heroin_positive_0020.png,train,heroin,positive,1,True,45,0.9648,224x224,synthetically generated prototype image
train/heroin/positive/heroin_positive_0021.png,train,heroin,positive,1,True,15,1.0736,224x224,synthetically generated prototype image
train/heroin/positive/heroin_positive_0022.png,train,heroin,positive,1,True,30,1.1367,224x224,synthetically generated prototype image
train/heroin/positive/heroin_positive_0023.png,train,heroin,positive,1,True,45,1.0895,224x224,synthetically generated prototype image
train/heroin/positive/heroin_positive_0024.png,train,heroin,positive,1,True,30,0.9213,224x224,synthetically generated prototype image
train/heroin/positive/heroin_positive_0025.png,train,heroin,positive,1,True,15,0.9062,224x224,synthetically generated prototype image
train/heroin/positive/heroin_positive_0026.png,train,heroin,positive,1,True,0,1.07,224x224,synthetically generated prototype image
train/heroin/positive/heroin_positive_0027.png,train,heroin,positive,1,True,30,0.8777,224x224,synthetically generated prototype image
train/heroin/positive/heroin_positive_0028.png,train,heroin,positive,1,True,0,1.092,224x224,synthetically generated prototype image
train/heroin/positive/heroin_positive_0029.png,train,heroin,positive,1,True,30,1.0092,224x224,synthetically generated prototype image
train/heroin/positive/heroin_positive_0030.png,train,heroin,positive,1,True,45,1.1434,224x224,synthetically generated prototype image
train/heroin/positive/heroin_positive_0031.png,train,heroin,positive,1,True,30,0.8663,224x224,synthetically generated prototype image
train/heroin/positive/heroin_positive_0032.png,train,heroin,positive,1,True,45,0.8397,224x224,synthetically generated prototype image
train/heroin/positive/heroin_positive_0033.png,train,heroin,positive,1,True,45,0.8059,224x224,synthetically generated prototype image
train/heroin/positive/heroin_positive_0034.png,train,heroin,positive,1,True,30,0.8924,224x224,synthetically generated prototype image
train/heroin/positive/heroin_positive_0035.png,train,heroin,positive,1,True,15,0.9428,224x224,synthetically generated prototype image
train/heroin/positive/heroin_positive_0036.png,train,heroin,positive,1,True,15,1.1687,224x224,synthetically generated prototype image
train/heroin/positive/heroin_positive_0037.png,train,heroin,positive,1,True,15,0.9095,224x224,synthetically generated prototype image
train/heroin/positive/heroin_positive_0038.png,train,heroin,positive,1,True,30,0.8236,224x224,synthetically generated prototype image
train/heroin/positive/heroin_positive_0039.png,train,heroin,positive,1,True,45,0.8643,224x224,synthetically generated prototype image
train/heroin/negative/heroin_negative_0000.png,train,heroin,negative,0,True,0,0.8337,224x224,synthetically generated prototype image
train/heroin/negative/heroin_negative_0001.png,train,heroin,negative,0,True,0,1.1117,224x224,synthetically generated prototype image
train/heroin/negative/heroin_negative_0002.png,train,heroin,negative,0,True,45,1.0303,224x224,synthetically generated prototype image
train/heroin/negative/heroin_negative_0003.png,train,heroin,negative,0,True,30,0.9506,224x224,synthetically generated prototype image
train/heroin/negative/heroin_negative_0004.png,train,heroin,negative,0,True,0,0.8376,224x224,synthetically generated prototype image
train/heroin/negative/heroin_negative_0005.png,train,heroin,negative,0,True,45,1.0625,224x224,synthetically generated prototype image
train/heroin/negative/heroin_negative_0006.png,train,heroin,negative,0,True,0,1.0356,224x224,synthetically generated prototype image
train/heroin/negative/heroin_negative_0007.png,train,heroin,negative,0,True,0,0.9313,224x224,synthetically generated prototype image
train/heroin/negative/heroin_negative_0008.png,train,heroin,negative,0,True,45,0.9433,224x224,synthetically generated prototype image
train/heroin/negative/heroin_negative_0009.png,train,heroin,negative,0,True,15,1.1448,224x224,synthetically generated prototype image
train/heroin/negative/heroin_negative_0010.png,train,heroin,negative,0,True,30,0.8164,224x224,synthetically generated prototype image
train/heroin/negative/heroin_negative_0011.png,train,heroin,negative,0,True,45,0.8592,224x224,synthetically generated prototype image
train/heroin/negative/heroin_negative_0012.png,train,heroin,negative,0,True,45,1.1408,224x224,synthetically generated prototype image
train/heroin/negative/heroin_negative_0013.png,train,heroin,negative,0,True,30,1.0271,224x224,synthetically generated prototype image
train/heroin/negative/heroin_negative_0014.png,train,heroin,negative,0,True,30,0.8348,224x224,synthetically generated prototype image
train/heroin/negative/heroin_negative_0015.png,train,heroin,negative,0,True,45,1.1772,224x224,synthetically generated prototype image
train/heroin/negative/heroin_negative_0016.png,train,heroin,negative,0,True,15,1.0107,224x224,synthetically generated prototype image
train/heroin/negative/heroin_negative_0017.png,train,heroin,negative,0,True,0,0.9584,224x224,synthetically generated prototype image
train/heroin/negative/heroin_negative_0018.png,train,heroin,negative,0,True,0,0.9786,224x224,synthetically generated prototype image
train/heroin/negative/heroin_negative_0019.png,train,heroin,negative,0,True,45,0.9573,224x224,synthetically generated prototype image
train/heroin/negative/heroin_negative_0020.png,train,heroin,negative,0,True,15,1.0523,224x224,synthetically generated prototype image
train/heroin/negative/heroin_negative_0021.png,train,heroin,negative,0,True,45,0.9266,224x224,synthetically generated prototype image
train/heroin/negative/heroin_negative_0022.png,train,heroin,negative,0,True,15,1.116,224x224,synthetically generated prototype image
train/heroin/negative/heroin_negative_0023.png,train,heroin,negative,0,True,45,0.8031,224x224,synthetically generated prototype image
train/heroin/negative/heroin_negative_0024.png,train,heroin,negative,0,True,15,1.0886,224x224,synthetically generated prototype image
train/heroin/negative/heroin_negative_0025.png,train,heroin,negative,0,True,45,1.0001,224x224,synthetically generated prototype image
train/heroin/negative/heroin_negative_0026.png,train,heroin,negative,0,True,45,0.8267,224x224,synthetically generated prototype image
train/heroin/negative/heroin_negative_0027.png,train,heroin,negative,0,True,15,0.8976,224x224,synthetically generated prototype image
train/heroin/negative/heroin_negative_0028.png,train,heroin,negative,0,True,15,0.8235,224x224,synthetically generated prototype image
train/heroin/negative/heroin_negative_0029.png,train,heroin,negative,0,True,30,0.8662,224x224,synthetically generated prototype image
train/heroin/negative/heroin_negative_0030.png,train,heroin,negative,0,True,0,1.1549,224x224,synthetically generated prototype image
train/heroin/negative/heroin_negative_0031.png,train,heroin,negative,0,True,45,1.0541,224x224,synthetically generated prototype image
train/heroin/negative/heroin_negative_0032.png,train,heroin,negative,0,True,15,1.154,224x224,synthetically generated prototype image
train/heroin/negative/heroin_negative_0033.png,train,heroin,negative,0,True,45,0.9292,224x224,synthetically generated prototype image
train/heroin/negative/heroin_negative_0034.png,train,heroin,negative,0,True,0,0.8527,224x224,synthetically generated prototype image
train/heroin/negative/heroin_negative_0035.png,train,heroin,negative,0,True,15,0.9445,224x224,synthetically generated prototype image
train/heroin/negative/heroin_negative_0036.png,train,heroin,negative,0,True,15,0.8348,224x224,synthetically generated prototype image
train/heroin/negative/heroin_negative_0037.png,train,heroin,negative,0,True,15,1.086,224x224,synthetically generated prototype image
train/heroin/negative/heroin_negative_0038.png,train,heroin,negative,0,True,15,0.9074,224x224,synthetically generated prototype image
train/heroin/negative/heroin_negative_0039.png,train,heroin,negative,0,True,0,0.8366,224x224,synthetically generated prototype image
train/heroin/inconclusive/heroin_inconclusive_0000.png,train,heroin,inconclusive,2,True,15,0.9826,224x224,synthetically generated prototype image
train/heroin/inconclusive/heroin_inconclusive_0001.png,train,heroin,inconclusive,2,True,15,1.0241,224x224,synthetically generated prototype image
train/heroin/inconclusive/heroin_inconclusive_0002.png,train,heroin,inconclusive,2,True,0,0.9027,224x224,synthetically generated prototype image
train/heroin/inconclusive/heroin_inconclusive_0003.png,train,heroin,inconclusive,2,True,0,0.8887,224x224,synthetically generated prototype image
train/heroin/inconclusive/heroin_inconclusive_0004.png,train,heroin,inconclusive,2,True,30,0.9926,224x224,synthetically generated prototype image
train/heroin/inconclusive/heroin_inconclusive_0005.png,train,heroin,inconclusive,2,True,45,0.8728,224x224,synthetically generated prototype image
train/heroin/inconclusive/heroin_inconclusive_0006.png,train,heroin,inconclusive,2,True,30,0.9834,224x224,synthetically generated prototype image
train/heroin/inconclusive/heroin_inconclusive_0007.png,train,heroin,inconclusive,2,True,45,1.1573,224x224,synthetically generated prototype image
train/heroin/inconclusive/heroin_inconclusive_0008.png,train,heroin,inconclusive,2,True,45,1.1426,224x224,synthetically generated prototype image
train/heroin/inconclusive/heroin_inconclusive_0009.png,train,heroin,inconclusive,2,True,0,0.8004,224x224,synthetically generated prototype image
train/heroin/inconclusive/heroin_inconclusive_0010.png,train,heroin,inconclusive,2,True,45,0.8596,224x224,synthetically generated prototype image
train/heroin/inconclusive/heroin_inconclusive_0011.png,train,heroin,inconclusive,2,True,15,1.0158,224x224,synthetically generated prototype image
train/heroin/inconclusive/heroin_inconclusive_0012.png,train,heroin,inconclusive,2,True,0,1.1144,224x224,synthetically generated prototype image
train/heroin/inconclusive/heroin_inconclusive_0013.png,train,heroin,inconclusive,2,True,0,1.1282,224x224,synthetically generated prototype image
train/heroin/inconclusive/heroin_inconclusive_0014.png,train,heroin,inconclusive,2,True,30,1.1339,224x224,synthetically generated prototype image
train/heroin/inconclusive/heroin_inconclusive_0015.png,train,heroin,inconclusive,2,True,15,1.0958,224x224,synthetically generated prototype image
train/heroin/inconclusive/heroin_inconclusive_0016.png,train,heroin,inconclusive,2,True,0,1.0872,224x224,synthetically generated prototype image
train/heroin/inconclusive/heroin_inconclusive_0017.png,train,heroin,inconclusive,2,True,30,0.8831,224x224,synthetically generated prototype image
train/heroin/inconclusive/heroin_inconclusive_0018.png,train,heroin,inconclusive,2,True,0,0.9183,224x224,synthetically generated prototype image
train/heroin/inconclusive/heroin_inconclusive_0019.png,train,heroin,inconclusive,2,True,45,0.9233,224x224,synthetically generated prototype image
train/heroin/inconclusive/heroin_inconclusive_0020.png,train,heroin,inconclusive,2,True,45,1.127,224x224,synthetically generated prototype image
train/heroin/inconclusive/heroin_inconclusive_0021.png,train,heroin,inconclusive,2,True,30,1.1518,224x224,synthetically generated prototype image
train/heroin/inconclusive/heroin_inconclusive_0022.png,train,heroin,inconclusive,2,True,30,1.027,224x224,synthetically generated prototype image
train/heroin/inconclusive/heroin_inconclusive_0023.png,train,heroin,inconclusive,2,True,0,0.9287,224x224,synthetically generated prototype image
train/heroin/inconclusive/heroin_inconclusive_0024.png,train,heroin,inconclusive,2,True,45,0.9418,224x224,synthetically generated prototype image
train/heroin/inconclusive/heroin_inconclusive_0025.png,train,heroin,inconclusive,2,True,45,1.0293,224x224,synthetically generated prototype image
train/heroin/inconclusive/heroin_inconclusive_0026.png,train,heroin,inconclusive,2,True,15,0.8406,224x224,synthetically generated prototype image
train/heroin/inconclusive/heroin_inconclusive_0027.png,train,heroin,inconclusive,2,True,15,0.8827,224x224,synthetically generated prototype image
train/heroin/inconclusive/heroin_inconclusive_0028.png,train,heroin,inconclusive,2,True,0,0.8635,224x224,synthetically generated prototype image
train/heroin/inconclusive/heroin_inconclusive_0029.png,train,heroin,inconclusive,2,True,15,1.0312,224x224,synthetically generated prototype image
train/heroin/inconclusive/heroin_inconclusive_0030.png,train,heroin,inconclusive,2,True,0,1.1568,224x224,synthetically generated prototype image
train/heroin/inconclusive/heroin_inconclusive_0031.png,train,heroin,inconclusive,2,True,15,0.9018,224x224,synthetically generated prototype image
train/heroin/inconclusive/heroin_inconclusive_0032.png,train,heroin,inconclusive,2,True,0,0.8449,224x224,synthetically generated prototype image
train/heroin/inconclusive/heroin_inconclusive_0033.png,train,heroin,inconclusive,2,True,30,0.987,224x224,synthetically generated prototype image
train/heroin/inconclusive/heroin_inconclusive_0034.png,train,heroin,inconclusive,2,True,30,1.0447,224x224,synthetically generated prototype image
train/heroin/inconclusive/heroin_inconclusive_0035.png,train,heroin,inconclusive,2,True,30,1.0643,224x224,synthetically generated prototype image
train/heroin/inconclusive/heroin_inconclusive_0036.png,train,heroin,inconclusive,2,True,0,0.9115,224x224,synthetically generated prototype image
train/heroin/inconclusive/heroin_inconclusive_0037.png,train,heroin,inconclusive,2,True,0,1.1442,224x224,synthetically generated prototype image
train/heroin/inconclusive/heroin_inconclusive_0038.png,train,heroin,inconclusive,2,True,0,0.8591,224x224,synthetically generated prototype image
train/heroin/inconclusive/heroin_inconclusive_0039.png,train,heroin,inconclusive,2,True,30,1.1468,224x224,synthetically generated prototype image
train/cocaine/positive/cocaine_positive_0000.png,train,cocaine,positive,1,True,0,0.8177,224x224,synthetically generated prototype image
train/cocaine/positive/cocaine_positive_0001.png,train,cocaine,positive,1,True,15,0.8582,224x224,synthetically generated prototype image
train/cocaine/positive/cocaine_positive_0002.png,train,cocaine,positive,1,True,0,0.9872,224x224,synthetically generated prototype image
train/cocaine/positive/cocaine_positive_0003.png,train,cocaine,positive,1,True,0,1.0639,224x224,synthetically generated prototype image
train/cocaine/positive/cocaine_positive_0004.png,train,cocaine,positive,1,True,45,0.826,224x224,synthetically generated prototype image
train/cocaine/positive/cocaine_positive_0005.png,train,cocaine,positive,1,True,15,0.8419,224x224,synthetically generated prototype image
train/cocaine/positive/cocaine_positive_0006.png,train,cocaine,positive,1,True,45,0.9323,224x224,synthetically generated prototype image
train/cocaine/positive/cocaine_positive_0007.png,train,cocaine,positive,1,True,30,0.9562,224x224,synthetically generated prototype image
train/cocaine/positive/cocaine_positive_0008.png,train,cocaine,positive,1,True,15,1.1604,224x224,synthetically generated prototype image
train/cocaine/positive/cocaine_positive_0009.png,train,cocaine,positive,1,True,45,0.8625,224x224,synthetically generated prototype image
train/cocaine/positive/cocaine_positive_0010.png,train,cocaine,positive,1,True,30,1.1727,224x224,synthetically generated prototype image
train/cocaine/positive/cocaine_positive_0011.png,train,cocaine,positive,1,True,30,1.0985,224x224,synthetically generated prototype image
train/cocaine/positive/cocaine_positive_0012.png,train,cocaine,positive,1,True,0,0.9037,224x224,synthetically generated prototype image
train/cocaine/positive/cocaine_positive_0013.png,train,cocaine,positive,1,True,15,1.1767,224x224,synthetically generated prototype image
train/cocaine/positive/cocaine_positive_0014.png,train,cocaine,positive,1,True,0,1.1074,224x224,synthetically generated prototype image
train/cocaine/positive/cocaine_positive_0015.png,train,cocaine,positive,1,True,30,0.8691,224x224,synthetically generated prototype image
train/cocaine/positive/cocaine_positive_0016.png,train,cocaine,positive,1,True,45,0.8154,224x224,synthetically generated prototype image
train/cocaine/positive/cocaine_positive_0017.png,train,cocaine,positive,1,True,30,1.0096,224x224,synthetically generated prototype image
train/cocaine/positive/cocaine_positive_0018.png,train,cocaine,positive,1,True,45,1.0902,224x224,synthetically generated prototype image
train/cocaine/positive/cocaine_positive_0019.png,train,cocaine,positive,1,True,15,0.8881,224x224,synthetically generated prototype image
train/cocaine/positive/cocaine_positive_0020.png,train,cocaine,positive,1,True,45,0.9293,224x224,synthetically generated prototype image
train/cocaine/positive/cocaine_positive_0021.png,train,cocaine,positive,1,True,15,1.1476,224x224,synthetically generated prototype image
train/cocaine/positive/cocaine_positive_0022.png,train,cocaine,positive,1,True,15,0.9864,224x224,synthetically generated prototype image
train/cocaine/positive/cocaine_positive_0023.png,train,cocaine,positive,1,True,30,1.0821,224x224,synthetically generated prototype image
train/cocaine/positive/cocaine_positive_0024.png,train,cocaine,positive,1,True,15,0.9837,224x224,synthetically generated prototype image
train/cocaine/positive/cocaine_positive_0025.png,train,cocaine,positive,1,True,0,0.9289,224x224,synthetically generated prototype image
train/cocaine/positive/cocaine_positive_0026.png,train,cocaine,positive,1,True,0,1.1064,224x224,synthetically generated prototype image
train/cocaine/positive/cocaine_positive_0027.png,train,cocaine,positive,1,True,30,0.8592,224x224,synthetically generated prototype image
train/cocaine/positive/cocaine_positive_0028.png,train,cocaine,positive,1,True,15,1.0295,224x224,synthetically generated prototype image
train/cocaine/positive/cocaine_positive_0029.png,train,cocaine,positive,1,True,30,1.1347,224x224,synthetically generated prototype image
train/cocaine/positive/cocaine_positive_0030.png,train,cocaine,positive,1,True,15,1.0949,224x224,synthetically generated prototype image
train/cocaine/positive/cocaine_positive_0031.png,train,cocaine,positive,1,True,0,0.8759,224x224,synthetically generated prototype image
train/cocaine/positive/cocaine_positive_0032.png,train,cocaine,positive,1,True,30,0.9192,224x224,synthetically generated prototype image
train/cocaine/positive/cocaine_positive_0033.png,train,cocaine,positive,1,True,30,0.8138,224x224,synthetically generated prototype image
train/cocaine/positive/cocaine_positive_0034.png,train,cocaine,positive,1,True,0,0.9591,224x224,synthetically generated prototype image
train/cocaine/positive/cocaine_positive_0035.png,train,cocaine,positive,1,True,15,0.8333,224x224,synthetically generated prototype image
train/cocaine/positive/cocaine_positive_0036.png,train,cocaine,positive,1,True,15,0.9892,224x224,synthetically generated prototype image
train/cocaine/positive/cocaine_positive_0037.png,train,cocaine,positive,1,True,45,0.965,224x224,synthetically generated prototype image
train/cocaine/positive/cocaine_positive_0038.png,train,cocaine,positive,1,True,45,1.1435,224x224,synthetically generated prototype image
train/cocaine/positive/cocaine_positive_0039.png,train,cocaine,positive,1,True,30,1.1002,224x224,synthetically generated prototype image
train/cocaine/negative/cocaine_negative_0000.png,train,cocaine,negative,0,True,45,1.0253,224x224,synthetically generated prototype image
train/cocaine/negative/cocaine_negative_0001.png,train,cocaine,negative,0,True,15,1.0592,224x224,synthetically generated prototype image
train/cocaine/negative/cocaine_negative_0002.png,train,cocaine,negative,0,True,0,1.1358,224x224,synthetically generated prototype image
train/cocaine/negative/cocaine_negative_0003.png,train,cocaine,negative,0,True,0,0.9333,224x224,synthetically generated prototype image
train/cocaine/negative/cocaine_negative_0004.png,train,cocaine,negative,0,True,30,1.0565,224x224,synthetically generated prototype image
train/cocaine/negative/cocaine_negative_0005.png,train,cocaine,negative,0,True,0,1.1535,224x224,synthetically generated prototype image
train/cocaine/negative/cocaine_negative_0006.png,train,cocaine,negative,0,True,0,1.1146,224x224,synthetically generated prototype image
train/cocaine/negative/cocaine_negative_0007.png,train,cocaine,negative,0,True,30,1.0094,224x224,synthetically generated prototype image
train/cocaine/negative/cocaine_negative_0008.png,train,cocaine,negative,0,True,30,1.1778,224x224,synthetically generated prototype image
train/cocaine/negative/cocaine_negative_0009.png,train,cocaine,negative,0,True,45,0.8463,224x224,synthetically generated prototype image
train/cocaine/negative/cocaine_negative_0010.png,train,cocaine,negative,0,True,30,0.8235,224x224,synthetically generated prototype image
train/cocaine/negative/cocaine_negative_0011.png,train,cocaine,negative,0,True,0,1.168,224x224,synthetically generated prototype image
train/cocaine/negative/cocaine_negative_0012.png,train,cocaine,negative,0,True,15,1.1192,224x224,synthetically generated prototype image
train/cocaine/negative/cocaine_negative_0013.png,train,cocaine,negative,0,True,45,0.894,224x224,synthetically generated prototype image
train/cocaine/negative/cocaine_negative_0014.png,train,cocaine,negative,0,True,15,0.8535,224x224,synthetically generated prototype image
train/cocaine/negative/cocaine_negative_0015.png,train,cocaine,negative,0,True,45,1.1636,224x224,synthetically generated prototype image
train/cocaine/negative/cocaine_negative_0016.png,train,cocaine,negative,0,True,0,1.0849,224x224,synthetically generated prototype image
train/cocaine/negative/cocaine_negative_0017.png,train,cocaine,negative,0,True,45,1.1168,224x224,synthetically generated prototype image
train/cocaine/negative/cocaine_negative_0018.png,train,cocaine,negative,0,True,45,1.0255,224x224,synthetically generated prototype image
train/cocaine/negative/cocaine_negative_0019.png,train,cocaine,negative,0,True,45,1.0597,224x224,synthetically generated prototype image
train/cocaine/negative/cocaine_negative_0020.png,train,cocaine,negative,0,True,45,0.8397,224x224,synthetically generated prototype image
train/cocaine/negative/cocaine_negative_0021.png,train,cocaine,negative,0,True,30,0.9545,224x224,synthetically generated prototype image
train/cocaine/negative/cocaine_negative_0022.png,train,cocaine,negative,0,True,30,0.9537,224x224,synthetically generated prototype image
train/cocaine/negative/cocaine_negative_0023.png,train,cocaine,negative,0,True,15,1.078,224x224,synthetically generated prototype image
train/cocaine/negative/cocaine_negative_0024.png,train,cocaine,negative,0,True,0,1.1635,224x224,synthetically generated prototype image
train/cocaine/negative/cocaine_negative_0025.png,train,cocaine,negative,0,True,0,1.1441,224x224,synthetically generated prototype image
train/cocaine/negative/cocaine_negative_0026.png,train,cocaine,negative,0,True,45,0.8458,224x224,synthetically generated prototype image
train/cocaine/negative/cocaine_negative_0027.png,train,cocaine,negative,0,True,0,1.1166,224x224,synthetically generated prototype image
train/cocaine/negative/cocaine_negative_0028.png,train,cocaine,negative,0,True,0,1.0379,224x224,synthetically generated prototype image
train/cocaine/negative/cocaine_negative_0029.png,train,cocaine,negative,0,True,0,0.9036,224x224,synthetically generated prototype image
train/cocaine/negative/cocaine_negative_0030.png,train,cocaine,negative,0,True,0,1.1587,224x224,synthetically generated prototype image
train/cocaine/negative/cocaine_negative_0031.png,train,cocaine,negative,0,True,0,0.9444,224x224,synthetically generated prototype image
train/cocaine/negative/cocaine_negative_0032.png,train,cocaine,negative,0,True,45,1.0593,224x224,synthetically generated prototype image
train/cocaine/negative/cocaine_negative_0033.png,train,cocaine,negative,0,True,15,1.1285,224x224,synthetically generated prototype image
train/cocaine/negative/cocaine_negative_0034.png,train,cocaine,negative,0,True,30,0.8004,224x224,synthetically generated prototype image
train/cocaine/negative/cocaine_negative_0035.png,train,cocaine,negative,0,True,0,1.0899,224x224,synthetically generated prototype image
train/cocaine/negative/cocaine_negative_0036.png,train,cocaine,negative,0,True,45,0.9449,224x224,synthetically generated prototype image
train/cocaine/negative/cocaine_negative_0037.png,train,cocaine,negative,0,True,15,1.1705,224x224,synthetically generated prototype image
train/cocaine/negative/cocaine_negative_0038.png,train,cocaine,negative,0,True,15,1.0434,224x224,synthetically generated prototype image
train/cocaine/negative/cocaine_negative_0039.png,train,cocaine,negative,0,True,45,1.1417,224x224,synthetically generated prototype image
train/cocaine/inconclusive/cocaine_inconclusive_0000.png,train,cocaine,inconclusive,2,True,0,1.023,224x224,synthetically generated prototype image
train/cocaine/inconclusive/cocaine_inconclusive_0001.png,train,cocaine,inconclusive,2,True,30,0.8612,224x224,synthetically generated prototype image
train/cocaine/inconclusive/cocaine_inconclusive_0002.png,train,cocaine,inconclusive,2,True,15,1.0603,224x224,synthetically generated prototype image
train/cocaine/inconclusive/cocaine_inconclusive_0003.png,train,cocaine,inconclusive,2,True,15,0.9371,224x224,synthetically generated prototype image
train/cocaine/inconclusive/cocaine_inconclusive_0004.png,train,cocaine,inconclusive,2,True,15,1.1674,224x224,synthetically generated prototype image
train/cocaine/inconclusive/cocaine_inconclusive_0005.png,train,cocaine,inconclusive,2,True,15,1.0437,224x224,synthetically generated prototype image
train/cocaine/inconclusive/cocaine_inconclusive_0006.png,train,cocaine,inconclusive,2,True,0,1.0208,224x224,synthetically generated prototype image
train/cocaine/inconclusive/cocaine_inconclusive_0007.png,train,cocaine,inconclusive,2,True,15,1.1066,224x224,synthetically generated prototype image
train/cocaine/inconclusive/cocaine_inconclusive_0008.png,train,cocaine,inconclusive,2,True,30,0.8438,224x224,synthetically generated prototype image
train/cocaine/inconclusive/cocaine_inconclusive_0009.png,train,cocaine,inconclusive,2,True,45,0.9761,224x224,synthetically generated prototype image
train/cocaine/inconclusive/cocaine_inconclusive_0010.png,train,cocaine,inconclusive,2,True,0,1.0634,224x224,synthetically generated prototype image
train/cocaine/inconclusive/cocaine_inconclusive_0011.png,train,cocaine,inconclusive,2,True,30,0.8262,224x224,synthetically generated prototype image
train/cocaine/inconclusive/cocaine_inconclusive_0012.png,train,cocaine,inconclusive,2,True,45,0.9611,224x224,synthetically generated prototype image
train/cocaine/inconclusive/cocaine_inconclusive_0013.png,train,cocaine,inconclusive,2,True,15,0.8428,224x224,synthetically generated prototype image
train/cocaine/inconclusive/cocaine_inconclusive_0014.png,train,cocaine,inconclusive,2,True,45,0.9654,224x224,synthetically generated prototype image
train/cocaine/inconclusive/cocaine_inconclusive_0015.png,train,cocaine,inconclusive,2,True,45,1.1021,224x224,synthetically generated prototype image
train/cocaine/inconclusive/cocaine_inconclusive_0016.png,train,cocaine,inconclusive,2,True,30,1.1655,224x224,synthetically generated prototype image
train/cocaine/inconclusive/cocaine_inconclusive_0017.png,train,cocaine,inconclusive,2,True,30,0.9368,224x224,synthetically generated prototype image
train/cocaine/inconclusive/cocaine_inconclusive_0018.png,train,cocaine,inconclusive,2,True,15,1.1408,224x224,synthetically generated prototype image
train/cocaine/inconclusive/cocaine_inconclusive_0019.png,train,cocaine,inconclusive,2,True,30,0.8387,224x224,synthetically generated prototype image
train/cocaine/inconclusive/cocaine_inconclusive_0020.png,train,cocaine,inconclusive,2,True,45,0.9541,224x224,synthetically generated prototype image
train/cocaine/inconclusive/cocaine_inconclusive_0021.png,train,cocaine,inconclusive,2,True,30,1.1201,224x224,synthetically generated prototype image
train/cocaine/inconclusive/cocaine_inconclusive_0022.png,train,cocaine,inconclusive,2,True,30,0.8821,224x224,synthetically generated prototype image
train/cocaine/inconclusive/cocaine_inconclusive_0023.png,train,cocaine,inconclusive,2,True,0,1.1025,224x224,synthetically generated prototype image
train/cocaine/inconclusive/cocaine_inconclusive_0024.png,train,cocaine,inconclusive,2,True,45,1.0033,224x224,synthetically generated prototype image
train/cocaine/inconclusive/cocaine_inconclusive_0025.png,train,cocaine,inconclusive,2,True,45,0.9303,224x224,synthetically generated prototype image
train/cocaine/inconclusive/cocaine_inconclusive_0026.png,train,cocaine,inconclusive,2,True,45,0.8595,224x224,synthetically generated prototype image
train/cocaine/inconclusive/cocaine_inconclusive_0027.png,train,cocaine,inconclusive,2,True,15,1.1378,224x224,synthetically generated prototype image
train/cocaine/inconclusive/cocaine_inconclusive_0028.png,train,cocaine,inconclusive,2,True,45,1.1327,224x224,synthetically generated prototype image
train/cocaine/inconclusive/cocaine_inconclusive_0029.png,train,cocaine,inconclusive,2,True,0,1.0372,224x224,synthetically generated prototype image
train/cocaine/inconclusive/cocaine_inconclusive_0030.png,train,cocaine,inconclusive,2,True,45,0.8894,224x224,synthetically generated prototype image
train/cocaine/inconclusive/cocaine_inconclusive_0031.png,train,cocaine,inconclusive,2,True,45,1.1388,224x224,synthetically generated prototype image
train/cocaine/inconclusive/cocaine_inconclusive_0032.png,train,cocaine,inconclusive,2,True,45,1.0124,224x224,synthetically generated prototype image
train/cocaine/inconclusive/cocaine_inconclusive_0033.png,train,cocaine,inconclusive,2,True,15,1.0416,224x224,synthetically generated prototype image
train/cocaine/inconclusive/cocaine_inconclusive_0034.png,train,cocaine,inconclusive,2,True,45,1.1448,224x224,synthetically generated prototype image
train/cocaine/inconclusive/cocaine_inconclusive_0035.png,train,cocaine,inconclusive,2,True,15,1.0624,224x224,synthetically generated prototype image
train/cocaine/inconclusive/cocaine_inconclusive_0036.png,train,cocaine,inconclusive,2,True,15,1.1673,224x224,synthetically generated prototype image
train/cocaine/inconclusive/cocaine_inconclusive_0037.png,train,cocaine,inconclusive,2,True,15,1.0589,224x224,synthetically generated prototype image
train/cocaine/inconclusive/cocaine_inconclusive_0038.png,train,cocaine,inconclusive,2,True,0,0.9358,224x224,synthetically generated prototype image
train/cocaine/inconclusive/cocaine_inconclusive_0039.png,train,cocaine,inconclusive,2,True,15,0.9083,224x224,synthetically generated prototype image
train/methamphetamine/positive/methamphetamine_positive_0000.png,train,methamphetamine,positive,1,True,15,0.9996,224x224,synthetically generated prototype image
train/methamphetamine/positive/methamphetamine_positive_0001.png,train,methamphetamine,positive,1,True,15,1.032,224x224,synthetically generated prototype image
train/methamphetamine/positive/methamphetamine_positive_0002.png,train,methamphetamine,positive,1,True,0,0.8723,224x224,synthetically generated prototype image
train/methamphetamine/positive/methamphetamine_positive_0003.png,train,methamphetamine,positive,1,True,15,0.8008,224x224,synthetically generated prototype image
train/methamphetamine/positive/methamphetamine_positive_0004.png,train,methamphetamine,positive,1,True,0,1.1745,224x224,synthetically generated prototype image
train/methamphetamine/positive/methamphetamine_positive_0005.png,train,methamphetamine,positive,1,True,30,0.8501,224x224,synthetically generated prototype image
train/methamphetamine/positive/methamphetamine_positive_0006.png,train,methamphetamine,positive,1,True,15,0.9603,224x224,synthetically generated prototype image
train/methamphetamine/positive/methamphetamine_positive_0007.png,train,methamphetamine,positive,1,True,0,0.9426,224x224,synthetically generated prototype image
train/methamphetamine/positive/methamphetamine_positive_0008.png,train,methamphetamine,positive,1,True,30,1.0704,224x224,synthetically generated prototype image
train/methamphetamine/positive/methamphetamine_positive_0009.png,train,methamphetamine,positive,1,True,30,1.0349,224x224,synthetically generated prototype image
train/methamphetamine/positive/methamphetamine_positive_0010.png,train,methamphetamine,positive,1,True,45,1.0706,224x224,synthetically generated prototype image
train/methamphetamine/positive/methamphetamine_positive_0011.png,train,methamphetamine,positive,1,True,45,0.9833,224x224,synthetically generated prototype image
train/methamphetamine/positive/methamphetamine_positive_0012.png,train,methamphetamine,positive,1,True,15,1.1197,224x224,synthetically generated prototype image
train/methamphetamine/positive/methamphetamine_positive_0013.png,train,methamphetamine,positive,1,True,15,1.108,224x224,synthetically generated prototype image
train/methamphetamine/positive/methamphetamine_positive_0014.png,train,methamphetamine,positive,1,True,0,0.8929,224x224,synthetically generated prototype image
train/methamphetamine/positive/methamphetamine_positive_0015.png,train,methamphetamine,positive,1,True,15,0.9119,224x224,synthetically generated prototype image
train/methamphetamine/positive/methamphetamine_positive_0016.png,train,methamphetamine,positive,1,True,0,1.0999,224x224,synthetically generated prototype image
train/methamphetamine/positive/methamphetamine_positive_0017.png,train,methamphetamine,positive,1,True,15,0.9645,224x224,synthetically generated prototype image
train/methamphetamine/positive/methamphetamine_positive_0018.png,train,methamphetamine,positive,1,True,45,0.9821,224x224,synthetically generated prototype image
train/methamphetamine/positive/methamphetamine_positive_0019.png,train,methamphetamine,positive,1,True,45,0.966,224x224,synthetically generated prototype image
train/methamphetamine/positive/methamphetamine_positive_0020.png,train,methamphetamine,positive,1,True,30,0.8925,224x224,synthetically generated prototype image
train/methamphetamine/positive/methamphetamine_positive_0021.png,train,methamphetamine,positive,1,True,15,1.0784,224x224,synthetically generated prototype image
train/methamphetamine/positive/methamphetamine_positive_0022.png,train,methamphetamine,positive,1,True,45,0.8556,224x224,synthetically generated prototype image
train/methamphetamine/positive/methamphetamine_positive_0023.png,train,methamphetamine,positive,1,True,15,0.9725,224x224,synthetically generated prototype image
train/methamphetamine/positive/methamphetamine_positive_0024.png,train,methamphetamine,positive,1,True,45,1.0006,224x224,synthetically generated prototype image
train/methamphetamine/positive/methamphetamine_positive_0025.png,train,methamphetamine,positive,1,True,45,0.9697,224x224,synthetically generated prototype image
train/methamphetamine/positive/methamphetamine_positive_0026.png,train,methamphetamine,positive,1,True,30,0.9422,224x224,synthetically generated prototype image
train/methamphetamine/positive/methamphetamine_positive_0027.png,train,methamphetamine,positive,1,True,0,0.9912,224x224,synthetically generated prototype image
train/methamphetamine/positive/methamphetamine_positive_0028.png,train,methamphetamine,positive,1,True,45,1.1794,224x224,synthetically generated prototype image
train/methamphetamine/positive/methamphetamine_positive_0029.png,train,methamphetamine,positive,1,True,30,0.8136,224x224,synthetically generated prototype image
train/methamphetamine/positive/methamphetamine_positive_0030.png,train,methamphetamine,positive,1,True,30,0.997,224x224,synthetically generated prototype image
train/methamphetamine/positive/methamphetamine_positive_0031.png,train,methamphetamine,positive,1,True,30,0.962,224x224,synthetically generated prototype image
train/methamphetamine/positive/methamphetamine_positive_0032.png,train,methamphetamine,positive,1,True,30,1.0187,224x224,synthetically generated prototype image
train/methamphetamine/positive/methamphetamine_positive_0033.png,train,methamphetamine,positive,1,True,45,0.8628,224x224,synthetically generated prototype image
train/methamphetamine/positive/methamphetamine_positive_0034.png,train,methamphetamine,positive,1,True,0,0.9209,224x224,synthetically generated prototype image
train/methamphetamine/positive/methamphetamine_positive_0035.png,train,methamphetamine,positive,1,True,45,1.0905,224x224,synthetically generated prototype image
train/methamphetamine/positive/methamphetamine_positive_0036.png,train,methamphetamine,positive,1,True,15,0.9084,224x224,synthetically generated prototype image
train/methamphetamine/positive/methamphetamine_positive_0037.png,train,methamphetamine,positive,1,True,15,1.1019,224x224,synthetically generated prototype image
train/methamphetamine/positive/methamphetamine_positive_0038.png,train,methamphetamine,positive,1,True,0,0.9191,224x224,synthetically generated prototype image
train/methamphetamine/positive/methamphetamine_positive_0039.png,train,methamphetamine,positive,1,True,15,1.0007,224x224,synthetically generated prototype image
train/methamphetamine/negative/methamphetamine_negative_0000.png,train,methamphetamine,negative,0,True,45,0.9093,224x224,synthetically generated prototype image
train/methamphetamine/negative/methamphetamine_negative_0001.png,train,methamphetamine,negative,0,True,45,1.1698,224x224,synthetically generated prototype image
train/methamphetamine/negative/methamphetamine_negative_0002.png,train,methamphetamine,negative,0,True,15,1.0588,224x224,synthetically generated prototype image
train/methamphetamine/negative/methamphetamine_negative_0003.png,train,methamphetamine,negative,0,True,45,0.9906,224x224,synthetically generated prototype image
train/methamphetamine/negative/methamphetamine_negative_0004.png,train,methamphetamine,negative,0,True,15,1.1758,224x224,synthetically generated prototype image
train/methamphetamine/negative/methamphetamine_negative_0005.png,train,methamphetamine,negative,0,True,45,0.9215,224x224,synthetically generated prototype image
train/methamphetamine/negative/methamphetamine_negative_0006.png,train,methamphetamine,negative,0,True,0,1.138,224x224,synthetically generated prototype image
train/methamphetamine/negative/methamphetamine_negative_0007.png,train,methamphetamine,negative,0,True,15,1.0402,224x224,synthetically generated prototype image
train/methamphetamine/negative/methamphetamine_negative_0008.png,train,methamphetamine,negative,0,True,0,1.1474,224x224,synthetically generated prototype image
train/methamphetamine/negative/methamphetamine_negative_0009.png,train,methamphetamine,negative,0,True,0,0.8843,224x224,synthetically generated prototype image
train/methamphetamine/negative/methamphetamine_negative_0010.png,train,methamphetamine,negative,0,True,15,0.8907,224x224,synthetically generated prototype image
train/methamphetamine/negative/methamphetamine_negative_0011.png,train,methamphetamine,negative,0,True,0,0.9462,224x224,synthetically generated prototype image
train/methamphetamine/negative/methamphetamine_negative_0012.png,train,methamphetamine,negative,0,True,0,0.8661,224x224,synthetically generated prototype image
train/methamphetamine/negative/methamphetamine_negative_0013.png,train,methamphetamine,negative,0,True,45,0.9104,224x224,synthetically generated prototype image
train/methamphetamine/negative/methamphetamine_negative_0014.png,train,methamphetamine,negative,0,True,15,0.8805,224x224,synthetically generated prototype image
train/methamphetamine/negative/methamphetamine_negative_0015.png,train,methamphetamine,negative,0,True,15,1.1173,224x224,synthetically generated prototype image
train/methamphetamine/negative/methamphetamine_negative_0016.png,train,methamphetamine,negative,0,True,45,1.0726,224x224,synthetically generated prototype image
train/methamphetamine/negative/methamphetamine_negative_0017.png,train,methamphetamine,negative,0,True,45,0.9182,224x224,synthetically generated prototype image
train/methamphetamine/negative/methamphetamine_negative_0018.png,train,methamphetamine,negative,0,True,15,0.9859,224x224,synthetically generated prototype image
train/methamphetamine/negative/methamphetamine_negative_0019.png,train,methamphetamine,negative,0,True,45,0.8937,224x224,synthetically generated prototype image
train/methamphetamine/negative/methamphetamine_negative_0020.png,train,methamphetamine,negative,0,True,45,0.8574,224x224,synthetically generated prototype image
train/methamphetamine/negative/methamphetamine_negative_0021.png,train,methamphetamine,negative,0,True,45,1.0786,224x224,synthetically generated prototype image
train/methamphetamine/negative/methamphetamine_negative_0022.png,train,methamphetamine,negative,0,True,15,0.9799,224x224,synthetically generated prototype image
train/methamphetamine/negative/methamphetamine_negative_0023.png,train,methamphetamine,negative,0,True,0,0.8337,224x224,synthetically generated prototype image
train/methamphetamine/negative/methamphetamine_negative_0024.png,train,methamphetamine,negative,0,True,0,1.1117,224x224,synthetically generated prototype image
train/methamphetamine/negative/methamphetamine_negative_0025.png,train,methamphetamine,negative,0,True,45,1.0303,224x224,synthetically generated prototype image
train/methamphetamine/negative/methamphetamine_negative_0026.png,train,methamphetamine,negative,0,True,30,0.9506,224x224,synthetically generated prototype image
train/methamphetamine/negative/methamphetamine_negative_0027.png,train,methamphetamine,negative,0,True,0,0.8376,224x224,synthetically generated prototype image
train/methamphetamine/negative/methamphetamine_negative_0028.png,train,methamphetamine,negative,0,True,45,1.0625,224x224,synthetically generated prototype image
train/methamphetamine/negative/methamphetamine_negative_0029.png,train,methamphetamine,negative,0,True,0,1.0356,224x224,synthetically generated prototype image
train/methamphetamine/negative/methamphetamine_negative_0030.png,train,methamphetamine,negative,0,True,0,0.9313,224x224,synthetically generated prototype image
train/methamphetamine/negative/methamphetamine_negative_0031.png,train,methamphetamine,negative,0,True,45,0.9433,224x224,synthetically generated prototype image
train/methamphetamine/negative/methamphetamine_negative_0032.png,train,methamphetamine,negative,0,True,15,1.1448,224x224,synthetically generated prototype image
train/methamphetamine/negative/methamphetamine_negative_0033.png,train,methamphetamine,negative,0,True,30,0.8164,224x224,synthetically generated prototype image
train/methamphetamine/negative/methamphetamine_negative_0034.png,train,methamphetamine,negative,0,True,45,0.8592,224x224,synthetically generated prototype image
train/methamphetamine/negative/methamphetamine_negative_0035.png,train,methamphetamine,negative,0,True,45,1.1408,224x224,synthetically generated prototype image
train/methamphetamine/negative/methamphetamine_negative_0036.png,train,methamphetamine,negative,0,True,30,1.0271,224x224,synthetically generated prototype image
train/methamphetamine/negative/methamphetamine_negative_0037.png,train,methamphetamine,negative,0,True,30,0.8348,224x224,synthetically generated prototype image
train/methamphetamine/negative/methamphetamine_negative_0038.png,train,methamphetamine,negative,0,True,45,1.1772,224x224,synthetically generated prototype image
train/methamphetamine/negative/methamphetamine_negative_0039.png,train,methamphetamine,negative,0,True,15,1.0107,224x224,synthetically generated prototype image
train/methamphetamine/inconclusive/methamphetamine_inconclusive_0000.png,train,methamphetamine,inconclusive,2,True,45,0.9958,224x224,synthetically generated prototype image
train/methamphetamine/inconclusive/methamphetamine_inconclusive_0001.png,train,methamphetamine,inconclusive,2,True,45,1.0332,224x224,synthetically generated prototype image
train/methamphetamine/inconclusive/methamphetamine_inconclusive_0002.png,train,methamphetamine,inconclusive,2,True,15,1.1119,224x224,synthetically generated prototype image
train/methamphetamine/inconclusive/methamphetamine_inconclusive_0003.png,train,methamphetamine,inconclusive,2,True,0,1.0152,224x224,synthetically generated prototype image
train/methamphetamine/inconclusive/methamphetamine_inconclusive_0004.png,train,methamphetamine,inconclusive,2,True,0,0.837,224x224,synthetically generated prototype image
train/methamphetamine/inconclusive/methamphetamine_inconclusive_0005.png,train,methamphetamine,inconclusive,2,True,45,0.8024,224x224,synthetically generated prototype image
train/methamphetamine/inconclusive/methamphetamine_inconclusive_0006.png,train,methamphetamine,inconclusive,2,True,45,1.1478,224x224,synthetically generated prototype image
train/methamphetamine/inconclusive/methamphetamine_inconclusive_0007.png,train,methamphetamine,inconclusive,2,True,45,0.8219,224x224,synthetically generated prototype image
train/methamphetamine/inconclusive/methamphetamine_inconclusive_0008.png,train,methamphetamine,inconclusive,2,True,45,0.9187,224x224,synthetically generated prototype image
train/methamphetamine/inconclusive/methamphetamine_inconclusive_0009.png,train,methamphetamine,inconclusive,2,True,15,1.1266,224x224,synthetically generated prototype image
train/methamphetamine/inconclusive/methamphetamine_inconclusive_0010.png,train,methamphetamine,inconclusive,2,True,30,1.1787,224x224,synthetically generated prototype image
train/methamphetamine/inconclusive/methamphetamine_inconclusive_0011.png,train,methamphetamine,inconclusive,2,True,45,0.8401,224x224,synthetically generated prototype image
train/methamphetamine/inconclusive/methamphetamine_inconclusive_0012.png,train,methamphetamine,inconclusive,2,True,45,1.1559,224x224,synthetically generated prototype image
train/methamphetamine/inconclusive/methamphetamine_inconclusive_0013.png,train,methamphetamine,inconclusive,2,True,30,0.8232,224x224,synthetically generated prototype image
train/methamphetamine/inconclusive/methamphetamine_inconclusive_0014.png,train,methamphetamine,inconclusive,2,True,15,0.8363,224x224,synthetically generated prototype image
train/methamphetamine/inconclusive/methamphetamine_inconclusive_0015.png,train,methamphetamine,inconclusive,2,True,15,0.9889,224x224,synthetically generated prototype image
train/methamphetamine/inconclusive/methamphetamine_inconclusive_0016.png,train,methamphetamine,inconclusive,2,True,45,0.9668,224x224,synthetically generated prototype image
train/methamphetamine/inconclusive/methamphetamine_inconclusive_0017.png,train,methamphetamine,inconclusive,2,True,0,1.0869,224x224,synthetically generated prototype image
train/methamphetamine/inconclusive/methamphetamine_inconclusive_0018.png,train,methamphetamine,inconclusive,2,True,15,1.1317,224x224,synthetically generated prototype image
train/methamphetamine/inconclusive/methamphetamine_inconclusive_0019.png,train,methamphetamine,inconclusive,2,True,30,1.0356,224x224,synthetically generated prototype image
train/methamphetamine/inconclusive/methamphetamine_inconclusive_0020.png,train,methamphetamine,inconclusive,2,True,0,0.8106,224x224,synthetically generated prototype image
train/methamphetamine/inconclusive/methamphetamine_inconclusive_0021.png,train,methamphetamine,inconclusive,2,True,0,1.1264,224x224,synthetically generated prototype image
train/methamphetamine/inconclusive/methamphetamine_inconclusive_0022.png,train,methamphetamine,inconclusive,2,True,15,0.8052,224x224,synthetically generated prototype image
train/methamphetamine/inconclusive/methamphetamine_inconclusive_0023.png,train,methamphetamine,inconclusive,2,True,0,0.8791,224x224,synthetically generated prototype image
train/methamphetamine/inconclusive/methamphetamine_inconclusive_0024.png,train,methamphetamine,inconclusive,2,True,30,1.0831,224x224,synthetically generated prototype image
train/methamphetamine/inconclusive/methamphetamine_inconclusive_0025.png,train,methamphetamine,inconclusive,2,True,30,0.8083,224x224,synthetically generated prototype image
train/methamphetamine/inconclusive/methamphetamine_inconclusive_0026.png,train,methamphetamine,inconclusive,2,True,30,1.1748,224x224,synthetically generated prototype image
train/methamphetamine/inconclusive/methamphetamine_inconclusive_0027.png,train,methamphetamine,inconclusive,2,True,15,1.1439,224x224,synthetically generated prototype image
train/methamphetamine/inconclusive/methamphetamine_inconclusive_0028.png,train,methamphetamine,inconclusive,2,True,30,1.0216,224x224,synthetically generated prototype image
train/methamphetamine/inconclusive/methamphetamine_inconclusive_0029.png,train,methamphetamine,inconclusive,2,True,45,0.9102,224x224,synthetically generated prototype image
train/methamphetamine/inconclusive/methamphetamine_inconclusive_0030.png,train,methamphetamine,inconclusive,2,True,15,1.0621,224x224,synthetically generated prototype image
train/methamphetamine/inconclusive/methamphetamine_inconclusive_0031.png,train,methamphetamine,inconclusive,2,True,30,0.8704,224x224,synthetically generated prototype image
train/methamphetamine/inconclusive/methamphetamine_inconclusive_0032.png,train,methamphetamine,inconclusive,2,True,0,0.8341,224x224,synthetically generated prototype image
train/methamphetamine/inconclusive/methamphetamine_inconclusive_0033.png,train,methamphetamine,inconclusive,2,True,30,0.9745,224x224,synthetically generated prototype image
train/methamphetamine/inconclusive/methamphetamine_inconclusive_0034.png,train,methamphetamine,inconclusive,2,True,30,0.9473,224x224,synthetically generated prototype image
train/methamphetamine/inconclusive/methamphetamine_inconclusive_0035.png,train,methamphetamine,inconclusive,2,True,15,0.8742,224x224,synthetically generated prototype image
train/methamphetamine/inconclusive/methamphetamine_inconclusive_0036.png,train,methamphetamine,inconclusive,2,True,45,1.0036,224x224,synthetically generated prototype image
train/methamphetamine/inconclusive/methamphetamine_inconclusive_0037.png,train,methamphetamine,inconclusive,2,True,15,1.0847,224x224,synthetically generated prototype image
train/methamphetamine/inconclusive/methamphetamine_inconclusive_0038.png,train,methamphetamine,inconclusive,2,True,15,1.0518,224x224,synthetically generated prototype image
train/methamphetamine/inconclusive/methamphetamine_inconclusive_0039.png,train,methamphetamine,inconclusive,2,True,15,1.0194,224x224,synthetically generated prototype image
train/cannabis/positive/cannabis_positive_0000.png,train,cannabis,positive,1,True,30,0.8505,224x224,synthetically generated prototype image
train/cannabis/positive/cannabis_positive_0001.png,train,cannabis,positive,1,True,15,0.8444,224x224,synthetically generated prototype image
train/cannabis/positive/cannabis_positive_0002.png,train,cannabis,positive,1,True,45,1.0594,224x224,synthetically generated prototype image
train/cannabis/positive/cannabis_positive_0003.png,train,cannabis,positive,1,True,30,0.8692,224x224,synthetically generated prototype image
train/cannabis/positive/cannabis_positive_0004.png,train,cannabis,positive,1,True,15,1.1309,224x224,synthetically generated prototype image
train/cannabis/positive/cannabis_positive_0005.png,train,cannabis,positive,1,True,45,0.9709,224x224,synthetically generated prototype image
train/cannabis/positive/cannabis_positive_0006.png,train,cannabis,positive,1,True,0,0.9025,224x224,synthetically generated prototype image
train/cannabis/positive/cannabis_positive_0007.png,train,cannabis,positive,1,True,15,0.9974,224x224,synthetically generated prototype image
train/cannabis/positive/cannabis_positive_0008.png,train,cannabis,positive,1,True,45,0.8268,224x224,synthetically generated prototype image
train/cannabis/positive/cannabis_positive_0009.png,train,cannabis,positive,1,True,0,1.0353,224x224,synthetically generated prototype image
train/cannabis/positive/cannabis_positive_0010.png,train,cannabis,positive,1,True,30,1.1069,224x224,synthetically generated prototype image
train/cannabis/positive/cannabis_positive_0011.png,train,cannabis,positive,1,True,30,0.8562,224x224,synthetically generated prototype image
train/cannabis/positive/cannabis_positive_0012.png,train,cannabis,positive,1,True,0,1.1061,224x224,synthetically generated prototype image
train/cannabis/positive/cannabis_positive_0013.png,train,cannabis,positive,1,True,45,1.1221,224x224,synthetically generated prototype image
train/cannabis/positive/cannabis_positive_0014.png,train,cannabis,positive,1,True,45,0.819,224x224,synthetically generated prototype image
train/cannabis/positive/cannabis_positive_0015.png,train,cannabis,positive,1,True,30,0.9543,224x224,synthetically generated prototype image
train/cannabis/positive/cannabis_positive_0016.png,train,cannabis,positive,1,True,45,0.984,224x224,synthetically generated prototype image
train/cannabis/positive/cannabis_positive_0017.png,train,cannabis,positive,1,True,30,1.0906,224x224,synthetically generated prototype image
train/cannabis/positive/cannabis_positive_0018.png,train,cannabis,positive,1,True,0,1.1496,224x224,synthetically generated prototype image
train/cannabis/positive/cannabis_positive_0019.png,train,cannabis,positive,1,True,15,1.1165,224x224,synthetically generated prototype image
train/cannabis/positive/cannabis_positive_0020.png,train,cannabis,positive,1,True,45,1.0481,224x224,synthetically generated prototype image
train/cannabis/positive/cannabis_positive_0021.png,train,cannabis,positive,1,True,15,1.0262,224x224,synthetically generated prototype image
train/cannabis/positive/cannabis_positive_0022.png,train,cannabis,positive,1,True,45,1.1048,224x224,synthetically generated prototype image
train/cannabis/positive/cannabis_positive_0023.png,train,cannabis,positive,1,True,30,0.8515,224x224,synthetically generated prototype image
train/cannabis/positive/cannabis_positive_0024.png,train,cannabis,positive,1,True,0,1.1264,224x224,synthetically generated prototype image
train/cannabis/positive/cannabis_positive_0025.png,train,cannabis,positive,1,True,15,0.9721,224x224,synthetically generated prototype image
train/cannabis/positive/cannabis_positive_0026.png,train,cannabis,positive,1,True,45,0.8085,224x224,synthetically generated prototype image
train/cannabis/positive/cannabis_positive_0027.png,train,cannabis,positive,1,True,30,1.155,224x224,synthetically generated prototype image
train/cannabis/positive/cannabis_positive_0028.png,train,cannabis,positive,1,True,45,0.8849,224x224,synthetically generated prototype image
train/cannabis/positive/cannabis_positive_0029.png,train,cannabis,positive,1,True,0,0.9841,224x224,synthetically generated prototype image
train/cannabis/positive/cannabis_positive_0030.png,train,cannabis,positive,1,True,15,1.1021,224x224,synthetically generated prototype image
train/cannabis/positive/cannabis_positive_0031.png,train,cannabis,positive,1,True,30,0.9455,224x224,synthetically generated prototype image
train/cannabis/positive/cannabis_positive_0032.png,train,cannabis,positive,1,True,45,1.1229,224x224,synthetically generated prototype image
train/cannabis/positive/cannabis_positive_0033.png,train,cannabis,positive,1,True,0,0.9602,224x224,synthetically generated prototype image
train/cannabis/positive/cannabis_positive_0034.png,train,cannabis,positive,1,True,0,1.0177,224x224,synthetically generated prototype image
train/cannabis/positive/cannabis_positive_0035.png,train,cannabis,positive,1,True,0,1.1739,224x224,synthetically generated prototype image
train/cannabis/positive/cannabis_positive_0036.png,train,cannabis,positive,1,True,0,1.087,224x224,synthetically generated prototype image
train/cannabis/positive/cannabis_positive_0037.png,train,cannabis,positive,1,True,45,1.0396,224x224,synthetically generated prototype image
train/cannabis/positive/cannabis_positive_0038.png,train,cannabis,positive,1,True,0,1.144,224x224,synthetically generated prototype image
train/cannabis/positive/cannabis_positive_0039.png,train,cannabis,positive,1,True,15,1.0808,224x224,synthetically generated prototype image
train/cannabis/negative/cannabis_negative_0000.png,train,cannabis,negative,0,True,15,1.0217,224x224,synthetically generated prototype image
train/cannabis/negative/cannabis_negative_0001.png,train,cannabis,negative,0,True,0,1.0254,224x224,synthetically generated prototype image
train/cannabis/negative/cannabis_negative_0002.png,train,cannabis,negative,0,True,15,1.1083,224x224,synthetically generated prototype image
train/cannabis/negative/cannabis_negative_0003.png,train,cannabis,negative,0,True,45,0.911,224x224,synthetically generated prototype image
train/cannabis/negative/cannabis_negative_0004.png,train,cannabis,negative,0,True,15,1.0015,224x224,synthetically generated prototype image
train/cannabis/negative/cannabis_negative_0005.png,train,cannabis,negative,0,True,30,0.8751,224x224,synthetically generated prototype image
train/cannabis/negative/cannabis_negative_0006.png,train,cannabis,negative,0,True,15,0.9742,224x224,synthetically generated prototype image
train/cannabis/negative/cannabis_negative_0007.png,train,cannabis,negative,0,True,15,1.1099,224x224,synthetically generated prototype image
train/cannabis/negative/cannabis_negative_0008.png,train,cannabis,negative,0,True,30,1.1329,224x224,synthetically generated prototype image
train/cannabis/negative/cannabis_negative_0009.png,train,cannabis,negative,0,True,15,1.1472,224x224,synthetically generated prototype image
train/cannabis/negative/cannabis_negative_0010.png,train,cannabis,negative,0,True,30,1.1074,224x224,synthetically generated prototype image
train/cannabis/negative/cannabis_negative_0011.png,train,cannabis,negative,0,True,45,0.8469,224x224,synthetically generated prototype image
train/cannabis/negative/cannabis_negative_0012.png,train,cannabis,negative,0,True,15,1.1766,224x224,synthetically generated prototype image
train/cannabis/negative/cannabis_negative_0013.png,train,cannabis,negative,0,True,30,0.8604,224x224,synthetically generated prototype image
train/cannabis/negative/cannabis_negative_0014.png,train,cannabis,negative,0,True,30,1.0432,224x224,synthetically generated prototype image
train/cannabis/negative/cannabis_negative_0015.png,train,cannabis,negative,0,True,0,1.0816,224x224,synthetically generated prototype image
train/cannabis/negative/cannabis_negative_0016.png,train,cannabis,negative,0,True,15,1.159,224x224,synthetically generated prototype image
train/cannabis/negative/cannabis_negative_0017.png,train,cannabis,negative,0,True,15,1.0467,224x224,synthetically generated prototype image
train/cannabis/negative/cannabis_negative_0018.png,train,cannabis,negative,0,True,45,0.8688,224x224,synthetically generated prototype image
train/cannabis/negative/cannabis_negative_0019.png,train,cannabis,negative,0,True,15,1.1072,224x224,synthetically generated prototype image
train/cannabis/negative/cannabis_negative_0020.png,train,cannabis,negative,0,True,30,0.8735,224x224,synthetically generated prototype image
train/cannabis/negative/cannabis_negative_0021.png,train,cannabis,negative,0,True,15,0.9709,224x224,synthetically generated prototype image
train/cannabis/negative/cannabis_negative_0022.png,train,cannabis,negative,0,True,15,0.8487,224x224,synthetically generated prototype image
train/cannabis/negative/cannabis_negative_0023.png,train,cannabis,negative,0,True,45,0.841,224x224,synthetically generated prototype image
train/cannabis/negative/cannabis_negative_0024.png,train,cannabis,negative,0,True,45,1.0799,224x224,synthetically generated prototype image
train/cannabis/negative/cannabis_negative_0025.png,train,cannabis,negative,0,True,0,0.8221,224x224,synthetically generated prototype image
train/cannabis/negative/cannabis_negative_0026.png,train,cannabis,negative,0,True,45,1.0378,224x224,synthetically generated prototype image
train/cannabis/negative/cannabis_negative_0027.png,train,cannabis,negative,0,True,45,1.1707,224x224,synthetically generated prototype image
train/cannabis/negative/cannabis_negative_0028.png,train,cannabis,negative,0,True,45,0.9373,224x224,synthetically generated prototype image
train/cannabis/negative/cannabis_negative_0029.png,train,cannabis,negative,0,True,0,0.9548,224x224,synthetically generated prototype image
train/cannabis/negative/cannabis_negative_0030.png,train,cannabis,negative,0,True,30,0.8853,224x224,synthetically generated prototype image
train/cannabis/negative/cannabis_negative_0031.png,train,cannabis,negative,0,True,45,0.9397,224x224,synthetically generated prototype image
train/cannabis/negative/cannabis_negative_0032.png,train,cannabis,negative,0,True,30,1.0427,224x224,synthetically generated prototype image
train/cannabis/negative/cannabis_negative_0033.png,train,cannabis,negative,0,True,30,1.1285,224x224,synthetically generated prototype image
train/cannabis/negative/cannabis_negative_0034.png,train,cannabis,negative,0,True,30,1.0562,224x224,synthetically generated prototype image
train/cannabis/negative/cannabis_negative_0035.png,train,cannabis,negative,0,True,30,0.8446,224x224,synthetically generated prototype image
train/cannabis/negative/cannabis_negative_0036.png,train,cannabis,negative,0,True,0,0.9862,224x224,synthetically generated prototype image
train/cannabis/negative/cannabis_negative_0037.png,train,cannabis,negative,0,True,15,1.1007,224x224,synthetically generated prototype image
train/cannabis/negative/cannabis_negative_0038.png,train,cannabis,negative,0,True,45,1.0451,224x224,synthetically generated prototype image
train/cannabis/negative/cannabis_negative_0039.png,train,cannabis,negative,0,True,45,0.9844,224x224,synthetically generated prototype image
train/cannabis/inconclusive/cannabis_inconclusive_0000.png,train,cannabis,inconclusive,2,True,45,0.8067,224x224,synthetically generated prototype image
train/cannabis/inconclusive/cannabis_inconclusive_0001.png,train,cannabis,inconclusive,2,True,30,0.807,224x224,synthetically generated prototype image
train/cannabis/inconclusive/cannabis_inconclusive_0002.png,train,cannabis,inconclusive,2,True,15,1.1069,224x224,synthetically generated prototype image
train/cannabis/inconclusive/cannabis_inconclusive_0003.png,train,cannabis,inconclusive,2,True,0,1.0246,224x224,synthetically generated prototype image
train/cannabis/inconclusive/cannabis_inconclusive_0004.png,train,cannabis,inconclusive,2,True,0,0.9049,224x224,synthetically generated prototype image
train/cannabis/inconclusive/cannabis_inconclusive_0005.png,train,cannabis,inconclusive,2,True,0,1.093,224x224,synthetically generated prototype image
train/cannabis/inconclusive/cannabis_inconclusive_0006.png,train,cannabis,inconclusive,2,True,45,1.1595,224x224,synthetically generated prototype image
train/cannabis/inconclusive/cannabis_inconclusive_0007.png,train,cannabis,inconclusive,2,True,0,1.1027,224x224,synthetically generated prototype image
train/cannabis/inconclusive/cannabis_inconclusive_0008.png,train,cannabis,inconclusive,2,True,30,0.8803,224x224,synthetically generated prototype image
train/cannabis/inconclusive/cannabis_inconclusive_0009.png,train,cannabis,inconclusive,2,True,0,1.1305,224x224,synthetically generated prototype image
train/cannabis/inconclusive/cannabis_inconclusive_0010.png,train,cannabis,inconclusive,2,True,15,1.0183,224x224,synthetically generated prototype image
train/cannabis/inconclusive/cannabis_inconclusive_0011.png,train,cannabis,inconclusive,2,True,45,1.0812,224x224,synthetically generated prototype image
train/cannabis/inconclusive/cannabis_inconclusive_0012.png,train,cannabis,inconclusive,2,True,45,1.1696,224x224,synthetically generated prototype image
train/cannabis/inconclusive/cannabis_inconclusive_0013.png,train,cannabis,inconclusive,2,True,0,1.0004,224x224,synthetically generated prototype image
train/cannabis/inconclusive/cannabis_inconclusive_0014.png,train,cannabis,inconclusive,2,True,0,1.0816,224x224,synthetically generated prototype image
train/cannabis/inconclusive/cannabis_inconclusive_0015.png,train,cannabis,inconclusive,2,True,30,0.8593,224x224,synthetically generated prototype image
train/cannabis/inconclusive/cannabis_inconclusive_0016.png,train,cannabis,inconclusive,2,True,30,0.9338,224x224,synthetically generated prototype image
train/cannabis/inconclusive/cannabis_inconclusive_0017.png,train,cannabis,inconclusive,2,True,15,0.8465,224x224,synthetically generated prototype image
train/cannabis/inconclusive/cannabis_inconclusive_0018.png,train,cannabis,inconclusive,2,True,30,0.8875,224x224,synthetically generated prototype image
train/cannabis/inconclusive/cannabis_inconclusive_0019.png,train,cannabis,inconclusive,2,True,0,1.1388,224x224,synthetically generated prototype image
train/cannabis/inconclusive/cannabis_inconclusive_0020.png,train,cannabis,inconclusive,2,True,0,1.1549,224x224,synthetically generated prototype image
train/cannabis/inconclusive/cannabis_inconclusive_0021.png,train,cannabis,inconclusive,2,True,15,1.0726,224x224,synthetically generated prototype image
train/cannabis/inconclusive/cannabis_inconclusive_0022.png,train,cannabis,inconclusive,2,True,30,0.8731,224x224,synthetically generated prototype image
train/cannabis/inconclusive/cannabis_inconclusive_0023.png,train,cannabis,inconclusive,2,True,45,0.9728,224x224,synthetically generated prototype image
train/cannabis/inconclusive/cannabis_inconclusive_0024.png,train,cannabis,inconclusive,2,True,15,1.1041,224x224,synthetically generated prototype image
train/cannabis/inconclusive/cannabis_inconclusive_0025.png,train,cannabis,inconclusive,2,True,0,0.9556,224x224,synthetically generated prototype image
train/cannabis/inconclusive/cannabis_inconclusive_0026.png,train,cannabis,inconclusive,2,True,45,0.8229,224x224,synthetically generated prototype image
train/cannabis/inconclusive/cannabis_inconclusive_0027.png,train,cannabis,inconclusive,2,True,30,0.9251,224x224,synthetically generated prototype image
train/cannabis/inconclusive/cannabis_inconclusive_0028.png,train,cannabis,inconclusive,2,True,45,0.8798,224x224,synthetically generated prototype image
train/cannabis/inconclusive/cannabis_inconclusive_0029.png,train,cannabis,inconclusive,2,True,15,1.124,224x224,synthetically generated prototype image
train/cannabis/inconclusive/cannabis_inconclusive_0030.png,train,cannabis,inconclusive,2,True,30,0.8821,224x224,synthetically generated prototype image
train/cannabis/inconclusive/cannabis_inconclusive_0031.png,train,cannabis,inconclusive,2,True,30,1.0239,224x224,synthetically generated prototype image
train/cannabis/inconclusive/cannabis_inconclusive_0032.png,train,cannabis,inconclusive,2,True,0,0.9502,224x224,synthetically generated prototype image
train/cannabis/inconclusive/cannabis_inconclusive_0033.png,train,cannabis,inconclusive,2,True,15,0.9038,224x224,synthetically generated prototype image
train/cannabis/inconclusive/cannabis_inconclusive_0034.png,train,cannabis,inconclusive,2,True,30,0.9945,224x224,synthetically generated prototype image
train/cannabis/inconclusive/cannabis_inconclusive_0035.png,train,cannabis,inconclusive,2,True,45,0.8724,224x224,synthetically generated prototype image
train/cannabis/inconclusive/cannabis_inconclusive_0036.png,train,cannabis,inconclusive,2,True,45,1.1022,224x224,synthetically generated prototype image
train/cannabis/inconclusive/cannabis_inconclusive_0037.png,train,cannabis,inconclusive,2,True,30,1.1791,224x224,synthetically generated prototype image
train/cannabis/inconclusive/cannabis_inconclusive_0038.png,train,cannabis,inconclusive,2,True,0,0.8993,224x224,synthetically generated prototype image
train/cannabis/inconclusive/cannabis_inconclusive_0039.png,train,cannabis,inconclusive,2,True,45,0.9635,224x224,synthetically generated prototype image
train/mdma/positive/mdma_positive_0000.png,train,mdma,positive,1,True,15,0.8828,224x224,synthetically generated prototype image
train/mdma/positive/mdma_positive_0001.png,train,mdma,positive,1,True,30,0.8405,224x224,synthetically generated prototype image
train/mdma/positive/mdma_positive_0002.png,train,mdma,positive,1,True,45,0.9839,224x224,synthetically generated prototype image
train/mdma/positive/mdma_positive_0003.png,train,mdma,positive,1,True,0,0.9216,224x224,synthetically generated prototype image
train/mdma/positive/mdma_positive_0004.png,train,mdma,positive,1,True,15,0.8104,224x224,synthetically generated prototype image
train/mdma/positive/mdma_positive_0005.png,train,mdma,positive,1,True,45,0.8469,224x224,synthetically generated prototype image
train/mdma/positive/mdma_positive_0006.png,train,mdma,positive,1,True,30,0.9249,224x224,synthetically generated prototype image
train/mdma/positive/mdma_positive_0007.png,train,mdma,positive,1,True,45,0.8343,224x224,synthetically generated prototype image
train/mdma/positive/mdma_positive_0008.png,train,mdma,positive,1,True,0,0.8912,224x224,synthetically generated prototype image
train/mdma/positive/mdma_positive_0009.png,train,mdma,positive,1,True,0,0.8492,224x224,synthetically generated prototype image
train/mdma/positive/mdma_positive_0010.png,train,mdma,positive,1,True,45,0.9233,224x224,synthetically generated prototype image
train/mdma/positive/mdma_positive_0011.png,train,mdma,positive,1,True,0,1.1592,224x224,synthetically generated prototype image
train/mdma/positive/mdma_positive_0012.png,train,mdma,positive,1,True,0,0.9996,224x224,synthetically generated prototype image
train/mdma/positive/mdma_positive_0013.png,train,mdma,positive,1,True,45,1.1379,224x224,synthetically generated prototype image
train/mdma/positive/mdma_positive_0014.png,train,mdma,positive,1,True,45,0.9642,224x224,synthetically generated prototype image
train/mdma/positive/mdma_positive_0015.png,train,mdma,positive,1,True,0,0.933,224x224,synthetically generated prototype image
train/mdma/positive/mdma_positive_0016.png,train,mdma,positive,1,True,30,0.8348,224x224,synthetically generated prototype image
train/mdma/positive/mdma_positive_0017.png,train,mdma,positive,1,True,30,0.8024,224x224,synthetically generated prototype image
train/mdma/positive/mdma_positive_0018.png,train,mdma,positive,1,True,45,0.934,224x224,synthetically generated prototype image
train/mdma/positive/mdma_positive_0019.png,train,mdma,positive,1,True,0,0.9119,224x224,synthetically generated prototype image
train/mdma/positive/mdma_positive_0020.png,train,mdma,positive,1,True,45,1.0739,224x224,synthetically generated prototype image
train/mdma/positive/mdma_positive_0021.png,train,mdma,positive,1,True,30,0.8418,224x224,synthetically generated prototype image
train/mdma/positive/mdma_positive_0022.png,train,mdma,positive,1,True,15,0.9818,224x224,synthetically generated prototype image
train/mdma/positive/mdma_positive_0023.png,train,mdma,positive,1,True,0,1.1545,224x224,synthetically generated prototype image
train/mdma/positive/mdma_positive_0024.png,train,mdma,positive,1,True,0,0.972,224x224,synthetically generated prototype image
train/mdma/positive/mdma_positive_0025.png,train,mdma,positive,1,True,0,1.149,224x224,synthetically generated prototype image
train/mdma/positive/mdma_positive_0026.png,train,mdma,positive,1,True,15,0.9667,224x224,synthetically generated prototype image
train/mdma/positive/mdma_positive_0027.png,train,mdma,positive,1,True,30,0.8528,224x224,synthetically generated prototype image
train/mdma/positive/mdma_positive_0028.png,train,mdma,positive,1,True,45,1.1611,224x224,synthetically generated prototype image
train/mdma/positive/mdma_positive_0029.png,train,mdma,positive,1,True,30,0.9537,224x224,synthetically generated prototype image
train/mdma/positive/mdma_positive_0030.png,train,mdma,positive,1,True,15,0.9509,224x224,synthetically generated prototype image
train/mdma/positive/mdma_positive_0031.png,train,mdma,positive,1,True,45,1.1185,224x224,synthetically generated prototype image
train/mdma/positive/mdma_positive_0032.png,train,mdma,positive,1,True,0,0.9378,224x224,synthetically generated prototype image
train/mdma/positive/mdma_positive_0033.png,train,mdma,positive,1,True,15,0.9368,224x224,synthetically generated prototype image
train/mdma/positive/mdma_positive_0034.png,train,mdma,positive,1,True,0,0.8329,224x224,synthetically generated prototype image
train/mdma/positive/mdma_positive_0035.png,train,mdma,positive,1,True,15,0.9029,224x224,synthetically generated prototype image
train/mdma/positive/mdma_positive_0036.png,train,mdma,positive,1,True,15,1.1644,224x224,synthetically generated prototype image
train/mdma/positive/mdma_positive_0037.png,train,mdma,positive,1,True,30,0.969,224x224,synthetically generated prototype image
train/mdma/positive/mdma_positive_0038.png,train,mdma,positive,1,True,15,0.972,224x224,synthetically generated prototype image
train/mdma/positive/mdma_positive_0039.png,train,mdma,positive,1,True,0,1.1548,224x224,synthetically generated prototype image
train/mdma/negative/mdma_negative_0000.png,train,mdma,negative,0,True,0,1.0969,224x224,synthetically generated prototype image
train/mdma/negative/mdma_negative_0001.png,train,mdma,negative,0,True,0,1.121,224x224,synthetically generated prototype image
train/mdma/negative/mdma_negative_0002.png,train,mdma,negative,0,True,15,1.0024,224x224,synthetically generated prototype image
train/mdma/negative/mdma_negative_0003.png,train,mdma,negative,0,True,15,0.9398,224x224,synthetically generated prototype image
train/mdma/negative/mdma_negative_0004.png,train,mdma,negative,0,True,30,0.961,224x224,synthetically generated prototype image
train/mdma/negative/mdma_negative_0005.png,train,mdma,negative,0,True,0,0.9684,224x224,synthetically generated prototype image
train/mdma/negative/mdma_negative_0006.png,train,mdma,negative,0,True,15,0.935,224x224,synthetically generated prototype image
train/mdma/negative/mdma_negative_0007.png,train,mdma,negative,0,True,30,1.0071,224x224,synthetically generated prototype image
train/mdma/negative/mdma_negative_0008.png,train,mdma,negative,0,True,15,1.1415,224x224,synthetically generated prototype image
train/mdma/negative/mdma_negative_0009.png,train,mdma,negative,0,True,0,1.1563,224x224,synthetically generated prototype image
train/mdma/negative/mdma_negative_0010.png,train,mdma,negative,0,True,30,0.8133,224x224,synthetically generated prototype image
train/mdma/negative/mdma_negative_0011.png,train,mdma,negative,0,True,45,0.9115,224x224,synthetically generated prototype image
train/mdma/negative/mdma_negative_0012.png,train,mdma,negative,0,True,15,1.1777,224x224,synthetically generated prototype image
train/mdma/negative/mdma_negative_0013.png,train,mdma,negative,0,True,0,0.9595,224x224,synthetically generated prototype image
train/mdma/negative/mdma_negative_0014.png,train,mdma,negative,0,True,45,1.0979,224x224,synthetically generated prototype image
train/mdma/negative/mdma_negative_0015.png,train,mdma,negative,0,True,30,1.0576,224x224,synthetically generated prototype image
train/mdma/negative/mdma_negative_0016.png,train,mdma,negative,0,True,45,1.156,224x224,synthetically generated prototype image
train/mdma/negative/mdma_negative_0017.png,train,mdma,negative,0,True,0,0.8493,224x224,synthetically generated prototype image
train/mdma/negative/mdma_negative_0018.png,train,mdma,negative,0,True,15,1.1193,224x224,synthetically generated prototype image
train/mdma/negative/mdma_negative_0019.png,train,mdma,negative,0,True,45,1.0893,224x224,synthetically generated prototype image
train/mdma/negative/mdma_negative_0020.png,train,mdma,negative,0,True,15,0.9968,224x224,synthetically generated prototype image
train/mdma/negative/mdma_negative_0021.png,train,mdma,negative,0,True,30,0.9786,224x224,synthetically generated prototype image
train/mdma/negative/mdma_negative_0022.png,train,mdma,negative,0,True,30,1.0632,224x224,synthetically generated prototype image
train/mdma/negative/mdma_negative_0023.png,train,mdma,negative,0,True,45,0.9681,224x224,synthetically generated prototype image
train/mdma/negative/mdma_negative_0024.png,train,mdma,negative,0,True,30,1.0067,224x224,synthetically generated prototype image
train/mdma/negative/mdma_negative_0025.png,train,mdma,negative,0,True,0,0.9501,224x224,synthetically generated prototype image
train/mdma/negative/mdma_negative_0026.png,train,mdma,negative,0,True,30,0.8642,224x224,synthetically generated prototype image
train/mdma/negative/mdma_negative_0027.png,train,mdma,negative,0,True,45,1.0489,224x224,synthetically generated prototype image
train/mdma/negative/mdma_negative_0028.png,train,mdma,negative,0,True,45,0.905,224x224,synthetically generated prototype image
train/mdma/negative/mdma_negative_0029.png,train,mdma,negative,0,True,30,0.9428,224x224,synthetically generated prototype image
train/mdma/negative/mdma_negative_0030.png,train,mdma,negative,0,True,15,1.0119,224x224,synthetically generated prototype image
train/mdma/negative/mdma_negative_0031.png,train,mdma,negative,0,True,15,0.958,224x224,synthetically generated prototype image
train/mdma/negative/mdma_negative_0032.png,train,mdma,negative,0,True,15,0.8804,224x224,synthetically generated prototype image
train/mdma/negative/mdma_negative_0033.png,train,mdma,negative,0,True,0,1.1621,224x224,synthetically generated prototype image
train/mdma/negative/mdma_negative_0034.png,train,mdma,negative,0,True,0,1.1416,224x224,synthetically generated prototype image
train/mdma/negative/mdma_negative_0035.png,train,mdma,negative,0,True,30,1.1173,224x224,synthetically generated prototype image
train/mdma/negative/mdma_negative_0036.png,train,mdma,negative,0,True,45,0.8677,224x224,synthetically generated prototype image
train/mdma/negative/mdma_negative_0037.png,train,mdma,negative,0,True,30,1.0594,224x224,synthetically generated prototype image
train/mdma/negative/mdma_negative_0038.png,train,mdma,negative,0,True,0,0.8915,224x224,synthetically generated prototype image
train/mdma/negative/mdma_negative_0039.png,train,mdma,negative,0,True,45,0.9042,224x224,synthetically generated prototype image
train/mdma/inconclusive/mdma_inconclusive_0000.png,train,mdma,inconclusive,2,True,0,1.1061,224x224,synthetically generated prototype image
train/mdma/inconclusive/mdma_inconclusive_0001.png,train,mdma,inconclusive,2,True,0,1.0872,224x224,synthetically generated prototype image
train/mdma/inconclusive/mdma_inconclusive_0002.png,train,mdma,inconclusive,2,True,45,0.8496,224x224,synthetically generated prototype image
train/mdma/inconclusive/mdma_inconclusive_0003.png,train,mdma,inconclusive,2,True,45,1.1717,224x224,synthetically generated prototype image
train/mdma/inconclusive/mdma_inconclusive_0004.png,train,mdma,inconclusive,2,True,15,0.8237,224x224,synthetically generated prototype image
train/mdma/inconclusive/mdma_inconclusive_0005.png,train,mdma,inconclusive,2,True,30,1.0373,224x224,synthetically generated prototype image
train/mdma/inconclusive/mdma_inconclusive_0006.png,train,mdma,inconclusive,2,True,45,1.1077,224x224,synthetically generated prototype image
train/mdma/inconclusive/mdma_inconclusive_0007.png,train,mdma,inconclusive,2,True,30,1.1212,224x224,synthetically generated prototype image
train/mdma/inconclusive/mdma_inconclusive_0008.png,train,mdma,inconclusive,2,True,30,0.8926,224x224,synthetically generated prototype image
train/mdma/inconclusive/mdma_inconclusive_0009.png,train,mdma,inconclusive,2,True,0,0.9076,224x224,synthetically generated prototype image
train/mdma/inconclusive/mdma_inconclusive_0010.png,train,mdma,inconclusive,2,True,15,1.131,224x224,synthetically generated prototype image
train/mdma/inconclusive/mdma_inconclusive_0011.png,train,mdma,inconclusive,2,True,30,0.981,224x224,synthetically generated prototype image
train/mdma/inconclusive/mdma_inconclusive_0012.png,train,mdma,inconclusive,2,True,15,1.1773,224x224,synthetically generated prototype image
train/mdma/inconclusive/mdma_inconclusive_0013.png,train,mdma,inconclusive,2,True,0,1.1089,224x224,synthetically generated prototype image
train/mdma/inconclusive/mdma_inconclusive_0014.png,train,mdma,inconclusive,2,True,0,1.0862,224x224,synthetically generated prototype image
train/mdma/inconclusive/mdma_inconclusive_0015.png,train,mdma,inconclusive,2,True,0,1.1382,224x224,synthetically generated prototype image
train/mdma/inconclusive/mdma_inconclusive_0016.png,train,mdma,inconclusive,2,True,45,1.1011,224x224,synthetically generated prototype image
train/mdma/inconclusive/mdma_inconclusive_0017.png,train,mdma,inconclusive,2,True,15,1.1364,224x224,synthetically generated prototype image
train/mdma/inconclusive/mdma_inconclusive_0018.png,train,mdma,inconclusive,2,True,0,0.9637,224x224,synthetically generated prototype image
train/mdma/inconclusive/mdma_inconclusive_0019.png,train,mdma,inconclusive,2,True,45,0.9333,224x224,synthetically generated prototype image
train/mdma/inconclusive/mdma_inconclusive_0020.png,train,mdma,inconclusive,2,True,15,1.1109,224x224,synthetically generated prototype image
train/mdma/inconclusive/mdma_inconclusive_0021.png,train,mdma,inconclusive,2,True,45,0.8773,224x224,synthetically generated prototype image
train/mdma/inconclusive/mdma_inconclusive_0022.png,train,mdma,inconclusive,2,True,0,1.0831,224x224,synthetically generated prototype image
train/mdma/inconclusive/mdma_inconclusive_0023.png,train,mdma,inconclusive,2,True,15,1.0289,224x224,synthetically generated prototype image
train/mdma/inconclusive/mdma_inconclusive_0024.png,train,mdma,inconclusive,2,True,0,1.1619,224x224,synthetically generated prototype image
train/mdma/inconclusive/mdma_inconclusive_0025.png,train,mdma,inconclusive,2,True,30,0.8277,224x224,synthetically generated prototype image
train/mdma/inconclusive/mdma_inconclusive_0026.png,train,mdma,inconclusive,2,True,45,1.0145,224x224,synthetically generated prototype image
train/mdma/inconclusive/mdma_inconclusive_0027.png,train,mdma,inconclusive,2,True,0,1.057,224x224,synthetically generated prototype image
train/mdma/inconclusive/mdma_inconclusive_0028.png,train,mdma,inconclusive,2,True,15,0.8784,224x224,synthetically generated prototype image
train/mdma/inconclusive/mdma_inconclusive_0029.png,train,mdma,inconclusive,2,True,15,0.93,224x224,synthetically generated prototype image
train/mdma/inconclusive/mdma_inconclusive_0030.png,train,mdma,inconclusive,2,True,15,1.02,224x224,synthetically generated prototype image
train/mdma/inconclusive/mdma_inconclusive_0031.png,train,mdma,inconclusive,2,True,0,1.0524,224x224,synthetically generated prototype image
train/mdma/inconclusive/mdma_inconclusive_0032.png,train,mdma,inconclusive,2,True,0,1.0462,224x224,synthetically generated prototype image
train/mdma/inconclusive/mdma_inconclusive_0033.png,train,mdma,inconclusive,2,True,0,1.0997,224x224,synthetically generated prototype image
train/mdma/inconclusive/mdma_inconclusive_0034.png,train,mdma,inconclusive,2,True,0,1.0276,224x224,synthetically generated prototype image
train/mdma/inconclusive/mdma_inconclusive_0035.png,train,mdma,inconclusive,2,True,45,0.8305,224x224,synthetically generated prototype image
train/mdma/inconclusive/mdma_inconclusive_0036.png,train,mdma,inconclusive,2,True,0,0.8864,224x224,synthetically generated prototype image
train/mdma/inconclusive/mdma_inconclusive_0037.png,train,mdma,inconclusive,2,True,15,0.9228,224x224,synthetically generated prototype image
train/mdma/inconclusive/mdma_inconclusive_0038.png,train,mdma,inconclusive,2,True,15,1.0243,224x224,synthetically generated prototype image
train/mdma/inconclusive/mdma_inconclusive_0039.png,train,mdma,inconclusive,2,True,0,1.166,224x224,synthetically generated prototype image
train/fentanyl/positive/fentanyl_positive_0000.png,train,fentanyl,positive,1,True,0,0.8345,224x224,synthetically generated prototype image
train/fentanyl/positive/fentanyl_positive_0001.png,train,fentanyl,positive,1,True,0,0.9428,224x224,synthetically generated prototype image
train/fentanyl/positive/fentanyl_positive_0002.png,train,fentanyl,positive,1,True,45,0.9937,224x224,synthetically generated prototype image
train/fentanyl/positive/fentanyl_positive_0003.png,train,fentanyl,positive,1,True,15,0.8311,224x224,synthetically generated prototype image
train/fentanyl/positive/fentanyl_positive_0004.png,train,fentanyl,positive,1,True,30,0.9768,224x224,synthetically generated prototype image
train/fentanyl/positive/fentanyl_positive_0005.png,train,fentanyl,positive,1,True,0,0.8182,224x224,synthetically generated prototype image
train/fentanyl/positive/fentanyl_positive_0006.png,train,fentanyl,positive,1,True,30,1.0512,224x224,synthetically generated prototype image
train/fentanyl/positive/fentanyl_positive_0007.png,train,fentanyl,positive,1,True,15,0.8899,224x224,synthetically generated prototype image
train/fentanyl/positive/fentanyl_positive_0008.png,train,fentanyl,positive,1,True,15,1.1018,224x224,synthetically generated prototype image
train/fentanyl/positive/fentanyl_positive_0009.png,train,fentanyl,positive,1,True,30,0.8236,224x224,synthetically generated prototype image
train/fentanyl/positive/fentanyl_positive_0010.png,train,fentanyl,positive,1,True,45,1.1571,224x224,synthetically generated prototype image
train/fentanyl/positive/fentanyl_positive_0011.png,train,fentanyl,positive,1,True,45,1.0818,224x224,synthetically generated prototype image
train/fentanyl/positive/fentanyl_positive_0012.png,train,fentanyl,positive,1,True,15,0.8942,224x224,synthetically generated prototype image
train/fentanyl/positive/fentanyl_positive_0013.png,train,fentanyl,positive,1,True,0,1.085,224x224,synthetically generated prototype image
train/fentanyl/positive/fentanyl_positive_0014.png,train,fentanyl,positive,1,True,30,1.0868,224x224,synthetically generated prototype image
train/fentanyl/positive/fentanyl_positive_0015.png,train,fentanyl,positive,1,True,30,0.8452,224x224,synthetically generated prototype image
train/fentanyl/positive/fentanyl_positive_0016.png,train,fentanyl,positive,1,True,0,1.0096,224x224,synthetically generated prototype image
train/fentanyl/positive/fentanyl_positive_0017.png,train,fentanyl,positive,1,True,30,0.8328,224x224,synthetically generated prototype image
train/fentanyl/positive/fentanyl_positive_0018.png,train,fentanyl,positive,1,True,30,1.0133,224x224,synthetically generated prototype image
train/fentanyl/positive/fentanyl_positive_0019.png,train,fentanyl,positive,1,True,0,0.9626,224x224,synthetically generated prototype image
train/fentanyl/positive/fentanyl_positive_0020.png,train,fentanyl,positive,1,True,15,0.9273,224x224,synthetically generated prototype image
train/fentanyl/positive/fentanyl_positive_0021.png,train,fentanyl,positive,1,True,45,0.9771,224x224,synthetically generated prototype image
train/fentanyl/positive/fentanyl_positive_0022.png,train,fentanyl,positive,1,True,15,0.9842,224x224,synthetically generated prototype image
train/fentanyl/positive/fentanyl_positive_0023.png,train,fentanyl,positive,1,True,15,0.9097,224x224,synthetically generated prototype image
train/fentanyl/positive/fentanyl_positive_0024.png,train,fentanyl,positive,1,True,30,1.1756,224x224,synthetically generated prototype image
train/fentanyl/positive/fentanyl_positive_0025.png,train,fentanyl,positive,1,True,15,0.8108,224x224,synthetically generated prototype image
train/fentanyl/positive/fentanyl_positive_0026.png,train,fentanyl,positive,1,True,15,0.9649,224x224,synthetically generated prototype image
train/fentanyl/positive/fentanyl_positive_0027.png,train,fentanyl,positive,1,True,15,0.9342,224x224,synthetically generated prototype image
train/fentanyl/positive/fentanyl_positive_0028.png,train,fentanyl,positive,1,True,45,0.8484,224x224,synthetically generated prototype image
train/fentanyl/positive/fentanyl_positive_0029.png,train,fentanyl,positive,1,True,0,1.0916,224x224,synthetically generated prototype image
train/fentanyl/positive/fentanyl_positive_0030.png,train,fentanyl,positive,1,True,45,1.1265,224x224,synthetically generated prototype image
train/fentanyl/positive/fentanyl_positive_0031.png,train,fentanyl,positive,1,True,15,1.0152,224x224,synthetically generated prototype image
train/fentanyl/positive/fentanyl_positive_0032.png,train,fentanyl,positive,1,True,0,1.006,224x224,synthetically generated prototype image
train/fentanyl/positive/fentanyl_positive_0033.png,train,fentanyl,positive,1,True,0,0.8958,224x224,synthetically generated prototype image
train/fentanyl/positive/fentanyl_positive_0034.png,train,fentanyl,positive,1,True,30,1.0293,224x224,synthetically generated prototype image
train/fentanyl/positive/fentanyl_positive_0035.png,train,fentanyl,positive,1,True,15,0.9951,224x224,synthetically generated prototype image
train/fentanyl/positive/fentanyl_positive_0036.png,train,fentanyl,positive,1,True,45,0.8389,224x224,synthetically generated prototype image
train/fentanyl/positive/fentanyl_positive_0037.png,train,fentanyl,positive,1,True,45,0.8583,224x224,synthetically generated prototype image
train/fentanyl/positive/fentanyl_positive_0038.png,train,fentanyl,positive,1,True,45,1.009,224x224,synthetically generated prototype image
train/fentanyl/positive/fentanyl_positive_0039.png,train,fentanyl,positive,1,True,0,1.0551,224x224,synthetically generated prototype image
train/fentanyl/negative/fentanyl_negative_0000.png,train,fentanyl,negative,0,True,30,0.8823,224x224,synthetically generated prototype image
train/fentanyl/negative/fentanyl_negative_0001.png,train,fentanyl,negative,0,True,45,0.9261,224x224,synthetically generated prototype image
train/fentanyl/negative/fentanyl_negative_0002.png,train,fentanyl,negative,0,True,15,1.1395,224x224,synthetically generated prototype image
train/fentanyl/negative/fentanyl_negative_0003.png,train,fentanyl,negative,0,True,45,1.0427,224x224,synthetically generated prototype image
train/fentanyl/negative/fentanyl_negative_0004.png,train,fentanyl,negative,0,True,0,1.0849,224x224,synthetically generated prototype image
train/fentanyl/negative/fentanyl_negative_0005.png,train,fentanyl,negative,0,True,0,1.0543,224x224,synthetically generated prototype image
train/fentanyl/negative/fentanyl_negative_0006.png,train,fentanyl,negative,0,True,0,1.1687,224x224,synthetically generated prototype image
train/fentanyl/negative/fentanyl_negative_0007.png,train,fentanyl,negative,0,True,15,0.9373,224x224,synthetically generated prototype image
train/fentanyl/negative/fentanyl_negative_0008.png,train,fentanyl,negative,0,True,30,1.1225,224x224,synthetically generated prototype image
train/fentanyl/negative/fentanyl_negative_0009.png,train,fentanyl,negative,0,True,0,1.0212,224x224,synthetically generated prototype image
train/fentanyl/negative/fentanyl_negative_0010.png,train,fentanyl,negative,0,True,15,0.9521,224x224,synthetically generated prototype image
train/fentanyl/negative/fentanyl_negative_0011.png,train,fentanyl,negative,0,True,15,1.0334,224x224,synthetically generated prototype image
train/fentanyl/negative/fentanyl_negative_0012.png,train,fentanyl,negative,0,True,45,0.923,224x224,synthetically generated prototype image
train/fentanyl/negative/fentanyl_negative_0013.png,train,fentanyl,negative,0,True,0,1.1487,224x224,synthetically generated prototype image
train/fentanyl/negative/fentanyl_negative_0014.png,train,fentanyl,negative,0,True,0,0.9859,224x224,synthetically generated prototype image
train/fentanyl/negative/fentanyl_negative_0015.png,train,fentanyl,negative,0,True,30,0.8153,224x224,synthetically generated prototype image
train/fentanyl/negative/fentanyl_negative_0016.png,train,fentanyl,negative,0,True,15,0.9716,224x224,synthetically generated prototype image
train/fentanyl/negative/fentanyl_negative_0017.png,train,fentanyl,negative,0,True,45,0.9821,224x224,synthetically generated prototype image
train/fentanyl/negative/fentanyl_negative_0018.png,train,fentanyl,negative,0,True,30,1.0175,224x224,synthetically generated prototype image
train/fentanyl/negative/fentanyl_negative_0019.png,train,fentanyl,negative,0,True,15,0.8986,224x224,synthetically generated prototype image
train/fentanyl/negative/fentanyl_negative_0020.png,train,fentanyl,negative,0,True,30,0.8911,224x224,synthetically generated prototype image
train/fentanyl/negative/fentanyl_negative_0021.png,train,fentanyl,negative,0,True,0,0.8379,224x224,synthetically generated prototype image
train/fentanyl/negative/fentanyl_negative_0022.png,train,fentanyl,negative,0,True,30,0.8079,224x224,synthetically generated prototype image
train/fentanyl/negative/fentanyl_negative_0023.png,train,fentanyl,negative,0,True,30,0.877,224x224,synthetically generated prototype image
train/fentanyl/negative/fentanyl_negative_0024.png,train,fentanyl,negative,0,True,30,0.8595,224x224,synthetically generated prototype image
train/fentanyl/negative/fentanyl_negative_0025.png,train,fentanyl,negative,0,True,15,0.9505,224x224,synthetically generated prototype image
train/fentanyl/negative/fentanyl_negative_0026.png,train,fentanyl,negative,0,True,15,1.1297,224x224,synthetically generated prototype image
train/fentanyl/negative/fentanyl_negative_0027.png,train,fentanyl,negative,0,True,45,1.1579,224x224,synthetically generated prototype image
train/fentanyl/negative/fentanyl_negative_0028.png,train,fentanyl,negative,0,True,45,1.0628,224x224,synthetically generated prototype image
train/fentanyl/negative/fentanyl_negative_0029.png,train,fentanyl,negative,0,True,45,0.8713,224x224,synthetically generated prototype image
train/fentanyl/negative/fentanyl_negative_0030.png,train,fentanyl,negative,0,True,30,1.0752,224x224,synthetically generated prototype image
train/fentanyl/negative/fentanyl_negative_0031.png,train,fentanyl,negative,0,True,45,1.0223,224x224,synthetically generated prototype image
train/fentanyl/negative/fentanyl_negative_0032.png,train,fentanyl,negative,0,True,15,0.9842,224x224,synthetically generated prototype image
train/fentanyl/negative/fentanyl_negative_0033.png,train,fentanyl,negative,0,True,15,0.8891,224x224,synthetically generated prototype image
train/fentanyl/negative/fentanyl_negative_0034.png,train,fentanyl,negative,0,True,15,0.8897,224x224,synthetically generated prototype image
train/fentanyl/negative/fentanyl_negative_0035.png,train,fentanyl,negative,0,True,0,0.957,224x224,synthetically generated prototype image
train/fentanyl/negative/fentanyl_negative_0036.png,train,fentanyl,negative,0,True,15,0.9422,224x224,synthetically generated prototype image
train/fentanyl/negative/fentanyl_negative_0037.png,train,fentanyl,negative,0,True,45,0.9289,224x224,synthetically generated prototype image
train/fentanyl/negative/fentanyl_negative_0038.png,train,fentanyl,negative,0,True,0,1.0692,224x224,synthetically generated prototype image
train/fentanyl/negative/fentanyl_negative_0039.png,train,fentanyl,negative,0,True,45,0.9001,224x224,synthetically generated prototype image
train/fentanyl/inconclusive/fentanyl_inconclusive_0000.png,train,fentanyl,inconclusive,2,True,15,1.17,224x224,synthetically generated prototype image
train/fentanyl/inconclusive/fentanyl_inconclusive_0001.png,train,fentanyl,inconclusive,2,True,0,0.8305,224x224,synthetically generated prototype image
train/fentanyl/inconclusive/fentanyl_inconclusive_0002.png,train,fentanyl,inconclusive,2,True,30,0.9436,224x224,synthetically generated prototype image
train/fentanyl/inconclusive/fentanyl_inconclusive_0003.png,train,fentanyl,inconclusive,2,True,15,1.0406,224x224,synthetically generated prototype image
train/fentanyl/inconclusive/fentanyl_inconclusive_0004.png,train,fentanyl,inconclusive,2,True,0,0.856,224x224,synthetically generated prototype image
train/fentanyl/inconclusive/fentanyl_inconclusive_0005.png,train,fentanyl,inconclusive,2,True,15,1.1355,224x224,synthetically generated prototype image
train/fentanyl/inconclusive/fentanyl_inconclusive_0006.png,train,fentanyl,inconclusive,2,True,15,0.8769,224x224,synthetically generated prototype image
train/fentanyl/inconclusive/fentanyl_inconclusive_0007.png,train,fentanyl,inconclusive,2,True,15,0.8539,224x224,synthetically generated prototype image
train/fentanyl/inconclusive/fentanyl_inconclusive_0008.png,train,fentanyl,inconclusive,2,True,15,0.9942,224x224,synthetically generated prototype image
train/fentanyl/inconclusive/fentanyl_inconclusive_0009.png,train,fentanyl,inconclusive,2,True,30,1.1777,224x224,synthetically generated prototype image
train/fentanyl/inconclusive/fentanyl_inconclusive_0010.png,train,fentanyl,inconclusive,2,True,0,1.1176,224x224,synthetically generated prototype image
train/fentanyl/inconclusive/fentanyl_inconclusive_0011.png,train,fentanyl,inconclusive,2,True,45,0.8759,224x224,synthetically generated prototype image
train/fentanyl/inconclusive/fentanyl_inconclusive_0012.png,train,fentanyl,inconclusive,2,True,45,0.9121,224x224,synthetically generated prototype image
train/fentanyl/inconclusive/fentanyl_inconclusive_0013.png,train,fentanyl,inconclusive,2,True,30,1.0438,224x224,synthetically generated prototype image
train/fentanyl/inconclusive/fentanyl_inconclusive_0014.png,train,fentanyl,inconclusive,2,True,45,0.9151,224x224,synthetically generated prototype image
train/fentanyl/inconclusive/fentanyl_inconclusive_0015.png,train,fentanyl,inconclusive,2,True,0,1.0441,224x224,synthetically generated prototype image
train/fentanyl/inconclusive/fentanyl_inconclusive_0016.png,train,fentanyl,inconclusive,2,True,0,1.0265,224x224,synthetically generated prototype image
train/fentanyl/inconclusive/fentanyl_inconclusive_0017.png,train,fentanyl,inconclusive,2,True,0,0.8945,224x224,synthetically generated prototype image
train/fentanyl/inconclusive/fentanyl_inconclusive_0018.png,train,fentanyl,inconclusive,2,True,0,1.1017,224x224,synthetically generated prototype image
train/fentanyl/inconclusive/fentanyl_inconclusive_0019.png,train,fentanyl,inconclusive,2,True,0,1.1178,224x224,synthetically generated prototype image
train/fentanyl/inconclusive/fentanyl_inconclusive_0020.png,train,fentanyl,inconclusive,2,True,0,0.8056,224x224,synthetically generated prototype image
train/fentanyl/inconclusive/fentanyl_inconclusive_0021.png,train,fentanyl,inconclusive,2,True,30,0.8974,224x224,synthetically generated prototype image
train/fentanyl/inconclusive/fentanyl_inconclusive_0022.png,train,fentanyl,inconclusive,2,True,0,0.9258,224x224,synthetically generated prototype image
train/fentanyl/inconclusive/fentanyl_inconclusive_0023.png,train,fentanyl,inconclusive,2,True,0,1.1071,224x224,synthetically generated prototype image
train/fentanyl/inconclusive/fentanyl_inconclusive_0024.png,train,fentanyl,inconclusive,2,True,0,1.0808,224x224,synthetically generated prototype image
train/fentanyl/inconclusive/fentanyl_inconclusive_0025.png,train,fentanyl,inconclusive,2,True,15,0.8945,224x224,synthetically generated prototype image
train/fentanyl/inconclusive/fentanyl_inconclusive_0026.png,train,fentanyl,inconclusive,2,True,30,1.1642,224x224,synthetically generated prototype image
train/fentanyl/inconclusive/fentanyl_inconclusive_0027.png,train,fentanyl,inconclusive,2,True,0,1.0996,224x224,synthetically generated prototype image
train/fentanyl/inconclusive/fentanyl_inconclusive_0028.png,train,fentanyl,inconclusive,2,True,30,0.8117,224x224,synthetically generated prototype image
train/fentanyl/inconclusive/fentanyl_inconclusive_0029.png,train,fentanyl,inconclusive,2,True,0,0.9519,224x224,synthetically generated prototype image
train/fentanyl/inconclusive/fentanyl_inconclusive_0030.png,train,fentanyl,inconclusive,2,True,15,0.8905,224x224,synthetically generated prototype image
train/fentanyl/inconclusive/fentanyl_inconclusive_0031.png,train,fentanyl,inconclusive,2,True,45,0.9912,224x224,synthetically generated prototype image
train/fentanyl/inconclusive/fentanyl_inconclusive_0032.png,train,fentanyl,inconclusive,2,True,45,0.8977,224x224,synthetically generated prototype image
train/fentanyl/inconclusive/fentanyl_inconclusive_0033.png,train,fentanyl,inconclusive,2,True,45,1.0147,224x224,synthetically generated prototype image
train/fentanyl/inconclusive/fentanyl_inconclusive_0034.png,train,fentanyl,inconclusive,2,True,45,1.1341,224x224,synthetically generated prototype image
train/fentanyl/inconclusive/fentanyl_inconclusive_0035.png,train,fentanyl,inconclusive,2,True,45,0.919,224x224,synthetically generated prototype image
train/fentanyl/inconclusive/fentanyl_inconclusive_0036.png,train,fentanyl,inconclusive,2,True,45,0.9863,224x224,synthetically generated prototype image
train/fentanyl/inconclusive/fentanyl_inconclusive_0037.png,train,fentanyl,inconclusive,2,True,0,0.8463,224x224,synthetically generated prototype image
train/fentanyl/inconclusive/fentanyl_inconclusive_0038.png,train,fentanyl,inconclusive,2,True,45,0.87,224x224,synthetically generated prototype image
train/fentanyl/inconclusive/fentanyl_inconclusive_0039.png,train,fentanyl,inconclusive,2,True,30,0.8008,224x224,synthetically generated prototype image
train/ketamine/positive/ketamine_positive_0000.png,train,ketamine,positive,1,True,30,1.0761,224x224,synthetically generated prototype image
train/ketamine/positive/ketamine_positive_0001.png,train,ketamine,positive,1,True,0,0.8407,224x224,synthetically generated prototype image
train/ketamine/positive/ketamine_positive_0002.png,train,ketamine,positive,1,True,0,0.9488,224x224,synthetically generated prototype image
train/ketamine/positive/ketamine_positive_0003.png,train,ketamine,positive,1,True,45,1.0649,224x224,synthetically generated prototype image
train/ketamine/positive/ketamine_positive_0004.png,train,ketamine,positive,1,True,45,0.843,224x224,synthetically generated prototype image
train/ketamine/positive/ketamine_positive_0005.png,train,ketamine,positive,1,True,0,1.0816,224x224,synthetically generated prototype image
train/ketamine/positive/ketamine_positive_0006.png,train,ketamine,positive,1,True,15,1.01,224x224,synthetically generated prototype image
train/ketamine/positive/ketamine_positive_0007.png,train,ketamine,positive,1,True,15,1.1696,224x224,synthetically generated prototype image
train/ketamine/positive/ketamine_positive_0008.png,train,ketamine,positive,1,True,45,1.1444,224x224,synthetically generated prototype image
train/ketamine/positive/ketamine_positive_0009.png,train,ketamine,positive,1,True,0,1.1334,224x224,synthetically generated prototype image
train/ketamine/positive/ketamine_positive_0010.png,train,ketamine,positive,1,True,15,1.0217,224x224,synthetically generated prototype image
train/ketamine/positive/ketamine_positive_0011.png,train,ketamine,positive,1,True,0,1.0254,224x224,synthetically generated prototype image
train/ketamine/positive/ketamine_positive_0012.png,train,ketamine,positive,1,True,15,1.1083,224x224,synthetically generated prototype image
train/ketamine/positive/ketamine_positive_0013.png,train,ketamine,positive,1,True,45,0.911,224x224,synthetically generated prototype image
train/ketamine/positive/ketamine_positive_0014.png,train,ketamine,positive,1,True,15,1.0015,224x224,synthetically generated prototype image
train/ketamine/positive/ketamine_positive_0015.png,train,ketamine,positive,1,True,30,0.8751,224x224,synthetically generated prototype image
train/ketamine/positive/ketamine_positive_0016.png,train,ketamine,positive,1,True,15,0.9742,224x224,synthetically generated prototype image
train/ketamine/positive/ketamine_positive_0017.png,train,ketamine,positive,1,True,15,1.1099,224x224,synthetically generated prototype image
train/ketamine/positive/ketamine_positive_0018.png,train,ketamine,positive,1,True,30,1.1329,224x224,synthetically generated prototype image
train/ketamine/positive/ketamine_positive_0019.png,train,ketamine,positive,1,True,15,1.1472,224x224,synthetically generated prototype image
train/ketamine/positive/ketamine_positive_0020.png,train,ketamine,positive,1,True,30,1.1074,224x224,synthetically generated prototype image
train/ketamine/positive/ketamine_positive_0021.png,train,ketamine,positive,1,True,45,0.8469,224x224,synthetically generated prototype image
train/ketamine/positive/ketamine_positive_0022.png,train,ketamine,positive,1,True,15,1.1766,224x224,synthetically generated prototype image
train/ketamine/positive/ketamine_positive_0023.png,train,ketamine,positive,1,True,30,0.8604,224x224,synthetically generated prototype image
train/ketamine/positive/ketamine_positive_0024.png,train,ketamine,positive,1,True,30,1.0432,224x224,synthetically generated prototype image
train/ketamine/positive/ketamine_positive_0025.png,train,ketamine,positive,1,True,0,1.0816,224x224,synthetically generated prototype image
train/ketamine/positive/ketamine_positive_0026.png,train,ketamine,positive,1,True,15,1.159,224x224,synthetically generated prototype image
train/ketamine/positive/ketamine_positive_0027.png,train,ketamine,positive,1,True,15,1.0467,224x224,synthetically generated prototype image
train/ketamine/positive/ketamine_positive_0028.png,train,ketamine,positive,1,True,45,0.8688,224x224,synthetically generated prototype image
train/ketamine/positive/ketamine_positive_0029.png,train,ketamine,positive,1,True,15,1.1072,224x224,synthetically generated prototype image
train/ketamine/positive/ketamine_positive_0030.png,train,ketamine,positive,1,True,30,0.8735,224x224,synthetically generated prototype image
train/ketamine/positive/ketamine_positive_0031.png,train,ketamine,positive,1,True,15,0.9709,224x224,synthetically generated prototype image
train/ketamine/positive/ketamine_positive_0032.png,train,ketamine,positive,1,True,15,0.8487,224x224,synthetically generated prototype image
train/ketamine/positive/ketamine_positive_0033.png,train,ketamine,positive,1,True,45,0.841,224x224,synthetically generated prototype image
train/ketamine/positive/ketamine_positive_0034.png,train,ketamine,positive,1,True,45,1.0799,224x224,synthetically generated prototype image
train/ketamine/positive/ketamine_positive_0035.png,train,ketamine,positive,1,True,0,0.8221,224x224,synthetically generated prototype image
train/ketamine/positive/ketamine_positive_0036.png,train,ketamine,positive,1,True,45,1.0378,224x224,synthetically generated prototype image
train/ketamine/positive/ketamine_positive_0037.png,train,ketamine,positive,1,True,45,1.1707,224x224,synthetically generated prototype image
train/ketamine/positive/ketamine_positive_0038.png,train,ketamine,positive,1,True,45,0.9373,224x224,synthetically generated prototype image
train/ketamine/positive/ketamine_positive_0039.png,train,ketamine,positive,1,True,0,0.9548,224x224,synthetically generated prototype image
train/ketamine/negative/ketamine_negative_0000.png,train,ketamine,negative,0,True,30,0.851,224x224,synthetically generated prototype image
train/ketamine/negative/ketamine_negative_0001.png,train,ketamine,negative,0,True,30,0.9257,224x224,synthetically generated prototype image
train/ketamine/negative/ketamine_negative_0002.png,train,ketamine,negative,0,True,30,1.1637,224x224,synthetically generated prototype image
train/ketamine/negative/ketamine_negative_0003.png,train,ketamine,negative,0,True,45,1.0188,224x224,synthetically generated prototype image
train/ketamine/negative/ketamine_negative_0004.png,train,ketamine,negative,0,True,30,0.8399,224x224,synthetically generated prototype image
train/ketamine/negative/ketamine_negative_0005.png,train,ketamine,negative,0,True,15,1.0882,224x224,synthetically generated prototype image
train/ketamine/negative/ketamine_negative_0006.png,train,ketamine,negative,0,True,45,1.0528,224x224,synthetically generated prototype image
train/ketamine/negative/ketamine_negative_0007.png,train,ketamine,negative,0,True,45,1.1487,224x224,synthetically generated prototype image
train/ketamine/negative/ketamine_negative_0008.png,train,ketamine,negative,0,True,30,0.8169,224x224,synthetically generated prototype image
train/ketamine/negative/ketamine_negative_0009.png,train,ketamine,negative,0,True,45,0.8079,224x224,synthetically generated prototype image
train/ketamine/negative/ketamine_negative_0010.png,train,ketamine,negative,0,True,15,1.1265,224x224,synthetically generated prototype image
train/ketamine/negative/ketamine_negative_0011.png,train,ketamine,negative,0,True,15,0.8142,224x224,synthetically generated prototype image
train/ketamine/negative/ketamine_negative_0012.png,train,ketamine,negative,0,True,45,0.8668,224x224,synthetically generated prototype image
train/ketamine/negative/ketamine_negative_0013.png,train,ketamine,negative,0,True,15,0.9502,224x224,synthetically generated prototype image
train/ketamine/negative/ketamine_negative_0014.png,train,ketamine,negative,0,True,0,0.9049,224x224,synthetically generated prototype image
train/ketamine/negative/ketamine_negative_0015.png,train,ketamine,negative,0,True,15,0.8732,224x224,synthetically generated prototype image
train/ketamine/negative/ketamine_negative_0016.png,train,ketamine,negative,0,True,0,1.0632,224x224,synthetically generated prototype image
train/ketamine/negative/ketamine_negative_0017.png,train,ketamine,negative,0,True,0,0.9271,224x224,synthetically generated prototype image
train/ketamine/negative/ketamine_negative_0018.png,train,ketamine,negative,0,True,15,0.8187,224x224,synthetically generated prototype image
train/ketamine/negative/ketamine_negative_0019.png,train,ketamine,negative,0,True,45,1.1301,224x224,synthetically generated prototype image
train/ketamine/negative/ketamine_negative_0020.png,train,ketamine,negative,0,True,0,1.0765,224x224,synthetically generated prototype image
train/ketamine/negative/ketamine_negative_0021.png,train,ketamine,negative,0,True,0,0.9999,224x224,synthetically generated prototype image
train/ketamine/negative/ketamine_negative_0022.png,train,ketamine,negative,0,True,45,1.0477,224x224,synthetically generated prototype image
train/ketamine/negative/ketamine_negative_0023.png,train,ketamine,negative,0,True,15,1.0583,224x224,synthetically generated prototype image
train/ketamine/negative/ketamine_negative_0024.png,train,ketamine,negative,0,True,30,1.1097,224x224,synthetically generated prototype image
train/ketamine/negative/ketamine_negative_0025.png,train,ketamine,negative,0,True,45,0.8818,224x224,synthetically generated prototype image
train/ketamine/negative/ketamine_negative_0026.png,train,ketamine,negative,0,True,0,0.9813,224x224,synthetically generated prototype image
train/ketamine/negative/ketamine_negative_0027.png,train,ketamine,negative,0,True,0,0.9841,224x224,synthetically generated prototype image
train/ketamine/negative/ketamine_negative_0028.png,train,ketamine,negative,0,True,30,0.9959,224x224,synthetically generated prototype image
train/ketamine/negative/ketamine_negative_0029.png,train,ketamine,negative,0,True,45,1.0254,224x224,synthetically generated prototype image
train/ketamine/negative/ketamine_negative_0030.png,train,ketamine,negative,0,True,0,1.027,224x224,synthetically generated prototype image
train/ketamine/negative/ketamine_negative_0031.png,train,ketamine,negative,0,True,30,1.1376,224x224,synthetically generated prototype image
train/ketamine/negative/ketamine_negative_0032.png,train,ketamine,negative,0,True,30,0.9613,224x224,synthetically generated prototype image
train/ketamine/negative/ketamine_negative_0033.png,train,ketamine,negative,0,True,0,0.9778,224x224,synthetically generated prototype image
train/ketamine/negative/ketamine_negative_0034.png,train,ketamine,negative,0,True,30,0.926,224x224,synthetically generated prototype image
train/ketamine/negative/ketamine_negative_0035.png,train,ketamine,negative,0,True,30,0.8767,224x224,synthetically generated prototype image
train/ketamine/negative/ketamine_negative_0036.png,train,ketamine,negative,0,True,30,1.0162,224x224,synthetically generated prototype image
train/ketamine/negative/ketamine_negative_0037.png,train,ketamine,negative,0,True,30,0.8053,224x224,synthetically generated prototype image
train/ketamine/negative/ketamine_negative_0038.png,train,ketamine,negative,0,True,0,1.0964,224x224,synthetically generated prototype image
train/ketamine/negative/ketamine_negative_0039.png,train,ketamine,negative,0,True,0,1.0507,224x224,synthetically generated prototype image
train/ketamine/inconclusive/ketamine_inconclusive_0000.png,train,ketamine,inconclusive,2,True,15,1.0488,224x224,synthetically generated prototype image
train/ketamine/inconclusive/ketamine_inconclusive_0001.png,train,ketamine,inconclusive,2,True,0,0.9657,224x224,synthetically generated prototype image
train/ketamine/inconclusive/ketamine_inconclusive_0002.png,train,ketamine,inconclusive,2,True,30,0.9914,224x224,synthetically generated prototype image
train/ketamine/inconclusive/ketamine_inconclusive_0003.png,train,ketamine,inconclusive,2,True,15,0.9923,224x224,synthetically generated prototype image
train/ketamine/inconclusive/ketamine_inconclusive_0004.png,train,ketamine,inconclusive,2,True,0,0.9771,224x224,synthetically generated prototype image
train/ketamine/inconclusive/ketamine_inconclusive_0005.png,train,ketamine,inconclusive,2,True,0,0.8519,224x224,synthetically generated prototype image
train/ketamine/inconclusive/ketamine_inconclusive_0006.png,train,ketamine,inconclusive,2,True,0,1.0214,224x224,synthetically generated prototype image
train/ketamine/inconclusive/ketamine_inconclusive_0007.png,train,ketamine,inconclusive,2,True,30,1.1165,224x224,synthetically generated prototype image
train/ketamine/inconclusive/ketamine_inconclusive_0008.png,train,ketamine,inconclusive,2,True,45,1.1038,224x224,synthetically generated prototype image
train/ketamine/inconclusive/ketamine_inconclusive_0009.png,train,ketamine,inconclusive,2,True,30,1.1684,224x224,synthetically generated prototype image
train/ketamine/inconclusive/ketamine_inconclusive_0010.png,train,ketamine,inconclusive,2,True,0,1.0223,224x224,synthetically generated prototype image
train/ketamine/inconclusive/ketamine_inconclusive_0011.png,train,ketamine,inconclusive,2,True,30,1.0285,224x224,synthetically generated prototype image
train/ketamine/inconclusive/ketamine_inconclusive_0012.png,train,ketamine,inconclusive,2,True,30,0.9011,224x224,synthetically generated prototype image
train/ketamine/inconclusive/ketamine_inconclusive_0013.png,train,ketamine,inconclusive,2,True,45,1.1615,224x224,synthetically generated prototype image
train/ketamine/inconclusive/ketamine_inconclusive_0014.png,train,ketamine,inconclusive,2,True,45,1.0033,224x224,synthetically generated prototype image
train/ketamine/inconclusive/ketamine_inconclusive_0015.png,train,ketamine,inconclusive,2,True,15,0.834,224x224,synthetically generated prototype image
train/ketamine/inconclusive/ketamine_inconclusive_0016.png,train,ketamine,inconclusive,2,True,0,0.9478,224x224,synthetically generated prototype image
train/ketamine/inconclusive/ketamine_inconclusive_0017.png,train,ketamine,inconclusive,2,True,15,0.8837,224x224,synthetically generated prototype image
train/ketamine/inconclusive/ketamine_inconclusive_0018.png,train,ketamine,inconclusive,2,True,45,0.8085,224x224,synthetically generated prototype image
train/ketamine/inconclusive/ketamine_inconclusive_0019.png,train,ketamine,inconclusive,2,True,0,1.0456,224x224,synthetically generated prototype image
train/ketamine/inconclusive/ketamine_inconclusive_0020.png,train,ketamine,inconclusive,2,True,30,1.0904,224x224,synthetically generated prototype image
train/ketamine/inconclusive/ketamine_inconclusive_0021.png,train,ketamine,inconclusive,2,True,30,1.0042,224x224,synthetically generated prototype image
train/ketamine/inconclusive/ketamine_inconclusive_0022.png,train,ketamine,inconclusive,2,True,0,0.853,224x224,synthetically generated prototype image
train/ketamine/inconclusive/ketamine_inconclusive_0023.png,train,ketamine,inconclusive,2,True,45,1.1376,224x224,synthetically generated prototype image
train/ketamine/inconclusive/ketamine_inconclusive_0024.png,train,ketamine,inconclusive,2,True,30,0.9941,224x224,synthetically generated prototype image
train/ketamine/inconclusive/ketamine_inconclusive_0025.png,train,ketamine,inconclusive,2,True,0,0.8766,224x224,synthetically generated prototype image
train/ketamine/inconclusive/ketamine_inconclusive_0026.png,train,ketamine,inconclusive,2,True,30,1.0051,224x224,synthetically generated prototype image
train/ketamine/inconclusive/ketamine_inconclusive_0027.png,train,ketamine,inconclusive,2,True,0,0.8415,224x224,synthetically generated prototype image
train/ketamine/inconclusive/ketamine_inconclusive_0028.png,train,ketamine,inconclusive,2,True,15,0.9702,224x224,synthetically generated prototype image
train/ketamine/inconclusive/ketamine_inconclusive_0029.png,train,ketamine,inconclusive,2,True,0,0.9482,224x224,synthetically generated prototype image
train/ketamine/inconclusive/ketamine_inconclusive_0030.png,train,ketamine,inconclusive,2,True,30,1.1313,224x224,synthetically generated prototype image
train/ketamine/inconclusive/ketamine_inconclusive_0031.png,train,ketamine,inconclusive,2,True,0,0.8718,224x224,synthetically generated prototype image
train/ketamine/inconclusive/ketamine_inconclusive_0032.png,train,ketamine,inconclusive,2,True,30,0.9811,224x224,synthetically generated prototype image
train/ketamine/inconclusive/ketamine_inconclusive_0033.png,train,ketamine,inconclusive,2,True,0,0.9811,224x224,synthetically generated prototype image
train/ketamine/inconclusive/ketamine_inconclusive_0034.png,train,ketamine,inconclusive,2,True,15,0.8491,224x224,synthetically generated prototype image
train/ketamine/inconclusive/ketamine_inconclusive_0035.png,train,ketamine,inconclusive,2,True,30,1.0238,224x224,synthetically generated prototype image
train/ketamine/inconclusive/ketamine_inconclusive_0036.png,train,ketamine,inconclusive,2,True,15,0.9982,224x224,synthetically generated prototype image
train/ketamine/inconclusive/ketamine_inconclusive_0037.png,train,ketamine,inconclusive,2,True,30,1.0394,224x224,synthetically generated prototype image
train/ketamine/inconclusive/ketamine_inconclusive_0038.png,train,ketamine,inconclusive,2,True,30,1.009,224x224,synthetically generated prototype image
train/ketamine/inconclusive/ketamine_inconclusive_0039.png,train,ketamine,inconclusive,2,True,45,1.0194,224x224,synthetically generated prototype image
val/heroin/positive/heroin_positive_0000.png,val,heroin,positive,1,True,30,1.1396,224x224,synthetically generated prototype image
val/heroin/positive/heroin_positive_0001.png,val,heroin,positive,1,True,30,0.825,224x224,synthetically generated prototype image
val/heroin/positive/heroin_positive_0002.png,val,heroin,positive,1,True,0,1.0683,224x224,synthetically generated prototype image
val/heroin/positive/heroin_positive_0003.png,val,heroin,positive,1,True,15,1.1495,224x224,synthetically generated prototype image
val/heroin/positive/heroin_positive_0004.png,val,heroin,positive,1,True,0,0.9131,224x224,synthetically generated prototype image
val/heroin/positive/heroin_positive_0005.png,val,heroin,positive,1,True,30,1.1351,224x224,synthetically generated prototype image
val/heroin/positive/heroin_positive_0006.png,val,heroin,positive,1,True,0,1.0783,224x224,synthetically generated prototype image
val/heroin/positive/heroin_positive_0007.png,val,heroin,positive,1,True,0,1.1124,224x224,synthetically generated prototype image
val/heroin/positive/heroin_positive_0008.png,val,heroin,positive,1,True,0,0.9687,224x224,synthetically generated prototype image
val/heroin/positive/heroin_positive_0009.png,val,heroin,positive,1,True,15,0.8017,224x224,synthetically generated prototype image
val/heroin/negative/heroin_negative_0000.png,val,heroin,negative,0,True,0,0.8937,224x224,synthetically generated prototype image
val/heroin/negative/heroin_negative_0001.png,val,heroin,negative,0,True,15,1.0622,224x224,synthetically generated prototype image
val/heroin/negative/heroin_negative_0002.png,val,heroin,negative,0,True,0,0.931,224x224,synthetically generated prototype image
val/heroin/negative/heroin_negative_0003.png,val,heroin,negative,0,True,30,0.8254,224x224,synthetically generated prototype image
val/heroin/negative/heroin_negative_0004.png,val,heroin,negative,0,True,0,1.0011,224x224,synthetically generated prototype image
val/heroin/negative/heroin_negative_0005.png,val,heroin,negative,0,True,0,0.9205,224x224,synthetically generated prototype image
val/heroin/negative/heroin_negative_0006.png,val,heroin,negative,0,True,30,0.825,224x224,synthetically generated prototype image
val/heroin/negative/heroin_negative_0007.png,val,heroin,negative,0,True,15,1.1288,224x224,synthetically generated prototype image
val/heroin/negative/heroin_negative_0008.png,val,heroin,negative,0,True,0,0.9826,224x224,synthetically generated prototype image
val/heroin/negative/heroin_negative_0009.png,val,heroin,negative,0,True,0,1.1088,224x224,synthetically generated prototype image
val/heroin/inconclusive/heroin_inconclusive_0000.png,val,heroin,inconclusive,2,True,30,0.8639,224x224,synthetically generated prototype image
val/heroin/inconclusive/heroin_inconclusive_0001.png,val,heroin,inconclusive,2,True,15,0.8961,224x224,synthetically generated prototype image
val/heroin/inconclusive/heroin_inconclusive_0002.png,val,heroin,inconclusive,2,True,15,1.0007,224x224,synthetically generated prototype image
val/heroin/inconclusive/heroin_inconclusive_0003.png,val,heroin,inconclusive,2,True,30,1.1231,224x224,synthetically generated prototype image
val/heroin/inconclusive/heroin_inconclusive_0004.png,val,heroin,inconclusive,2,True,15,1.1194,224x224,synthetically generated prototype image
val/heroin/inconclusive/heroin_inconclusive_0005.png,val,heroin,inconclusive,2,True,30,1.1527,224x224,synthetically generated prototype image
val/heroin/inconclusive/heroin_inconclusive_0006.png,val,heroin,inconclusive,2,True,30,1.1381,224x224,synthetically generated prototype image
val/heroin/inconclusive/heroin_inconclusive_0007.png,val,heroin,inconclusive,2,True,30,0.991,224x224,synthetically generated prototype image
val/heroin/inconclusive/heroin_inconclusive_0008.png,val,heroin,inconclusive,2,True,45,0.9254,224x224,synthetically generated prototype image
val/heroin/inconclusive/heroin_inconclusive_0009.png,val,heroin,inconclusive,2,True,30,0.8533,224x224,synthetically generated prototype image
val/cocaine/positive/cocaine_positive_0000.png,val,cocaine,positive,1,True,30,1.0605,224x224,synthetically generated prototype image
val/cocaine/positive/cocaine_positive_0001.png,val,cocaine,positive,1,True,0,0.9329,224x224,synthetically generated prototype image
val/cocaine/positive/cocaine_positive_0002.png,val,cocaine,positive,1,True,30,1.061,224x224,synthetically generated prototype image
val/cocaine/positive/cocaine_positive_0003.png,val,cocaine,positive,1,True,15,0.9778,224x224,synthetically generated prototype image
val/cocaine/positive/cocaine_positive_0004.png,val,cocaine,positive,1,True,15,1.0435,224x224,synthetically generated prototype image
val/cocaine/positive/cocaine_positive_0005.png,val,cocaine,positive,1,True,0,1.12,224x224,synthetically generated prototype image
val/cocaine/positive/cocaine_positive_0006.png,val,cocaine,positive,1,True,45,1.0225,224x224,synthetically generated prototype image
val/cocaine/positive/cocaine_positive_0007.png,val,cocaine,positive,1,True,30,1.0208,224x224,synthetically generated prototype image
val/cocaine/positive/cocaine_positive_0008.png,val,cocaine,positive,1,True,45,1.0336,224x224,synthetically generated prototype image
val/cocaine/positive/cocaine_positive_0009.png,val,cocaine,positive,1,True,30,1.0489,224x224,synthetically generated prototype image
val/cocaine/negative/cocaine_negative_0000.png,val,cocaine,negative,0,True,30,1.0255,224x224,synthetically generated prototype image
val/cocaine/negative/cocaine_negative_0001.png,val,cocaine,negative,0,True,30,0.9926,224x224,synthetically generated prototype image
val/cocaine/negative/cocaine_negative_0002.png,val,cocaine,negative,0,True,30,0.8543,224x224,synthetically generated prototype image
val/cocaine/negative/cocaine_negative_0003.png,val,cocaine,negative,0,True,30,0.9745,224x224,synthetically generated prototype image
val/cocaine/negative/cocaine_negative_0004.png,val,cocaine,negative,0,True,30,0.85,224x224,synthetically generated prototype image
val/cocaine/negative/cocaine_negative_0005.png,val,cocaine,negative,0,True,15,0.8258,224x224,synthetically generated prototype image
val/cocaine/negative/cocaine_negative_0006.png,val,cocaine,negative,0,True,30,1.1501,224x224,synthetically generated prototype image
val/cocaine/negative/cocaine_negative_0007.png,val,cocaine,negative,0,True,0,1.1219,224x224,synthetically generated prototype image
val/cocaine/negative/cocaine_negative_0008.png,val,cocaine,negative,0,True,0,1.0208,224x224,synthetically generated prototype image
val/cocaine/negative/cocaine_negative_0009.png,val,cocaine,negative,0,True,0,0.9978,224x224,synthetically generated prototype image
val/cocaine/inconclusive/cocaine_inconclusive_0000.png,val,cocaine,inconclusive,2,True,30,0.9171,224x224,synthetically generated prototype image
val/cocaine/inconclusive/cocaine_inconclusive_0001.png,val,cocaine,inconclusive,2,True,30,1.0354,224x224,synthetically generated prototype image
val/cocaine/inconclusive/cocaine_inconclusive_0002.png,val,cocaine,inconclusive,2,True,0,0.8679,224x224,synthetically generated prototype image
val/cocaine/inconclusive/cocaine_inconclusive_0003.png,val,cocaine,inconclusive,2,True,0,0.873,224x224,synthetically generated prototype image
val/cocaine/inconclusive/cocaine_inconclusive_0004.png,val,cocaine,inconclusive,2,True,15,1.1398,224x224,synthetically generated prototype image
val/cocaine/inconclusive/cocaine_inconclusive_0005.png,val,cocaine,inconclusive,2,True,0,0.9819,224x224,synthetically generated prototype image
val/cocaine/inconclusive/cocaine_inconclusive_0006.png,val,cocaine,inconclusive,2,True,15,1.1783,224x224,synthetically generated prototype image
val/cocaine/inconclusive/cocaine_inconclusive_0007.png,val,cocaine,inconclusive,2,True,30,0.888,224x224,synthetically generated prototype image
val/cocaine/inconclusive/cocaine_inconclusive_0008.png,val,cocaine,inconclusive,2,True,0,1.0755,224x224,synthetically generated prototype image
val/cocaine/inconclusive/cocaine_inconclusive_0009.png,val,cocaine,inconclusive,2,True,0,0.8642,224x224,synthetically generated prototype image
val/methamphetamine/positive/methamphetamine_positive_0000.png,val,methamphetamine,positive,1,True,30,0.8426,224x224,synthetically generated prototype image
val/methamphetamine/positive/methamphetamine_positive_0001.png,val,methamphetamine,positive,1,True,15,1.169,224x224,synthetically generated prototype image
val/methamphetamine/positive/methamphetamine_positive_0002.png,val,methamphetamine,positive,1,True,15,0.8757,224x224,synthetically generated prototype image
val/methamphetamine/positive/methamphetamine_positive_0003.png,val,methamphetamine,positive,1,True,30,0.9941,224x224,synthetically generated prototype image
val/methamphetamine/positive/methamphetamine_positive_0004.png,val,methamphetamine,positive,1,True,45,0.9102,224x224,synthetically generated prototype image
val/methamphetamine/positive/methamphetamine_positive_0005.png,val,methamphetamine,positive,1,True,15,1.1576,224x224,synthetically generated prototype image
val/methamphetamine/positive/methamphetamine_positive_0006.png,val,methamphetamine,positive,1,True,45,1.1617,224x224,synthetically generated prototype image
val/methamphetamine/positive/methamphetamine_positive_0007.png,val,methamphetamine,positive,1,True,45,1.0024,224x224,synthetically generated prototype image
val/methamphetamine/positive/methamphetamine_positive_0008.png,val,methamphetamine,positive,1,True,30,1.0068,224x224,synthetically generated prototype image
val/methamphetamine/positive/methamphetamine_positive_0009.png,val,methamphetamine,positive,1,True,30,0.833,224x224,synthetically generated prototype image
val/methamphetamine/negative/methamphetamine_negative_0000.png,val,methamphetamine,negative,0,True,45,0.9392,224x224,synthetically generated prototype image
val/methamphetamine/negative/methamphetamine_negative_0001.png,val,methamphetamine,negative,0,True,0,1.0836,224x224,synthetically generated prototype image
val/methamphetamine/negative/methamphetamine_negative_0002.png,val,methamphetamine,negative,0,True,15,1.0521,224x224,synthetically generated prototype image
val/methamphetamine/negative/methamphetamine_negative_0003.png,val,methamphetamine,negative,0,True,45,0.8875,224x224,synthetically generated prototype image
val/methamphetamine/negative/methamphetamine_negative_0004.png,val,methamphetamine,negative,0,True,0,0.8433,224x224,synthetically generated prototype image
val/methamphetamine/negative/methamphetamine_negative_0005.png,val,methamphetamine,negative,0,True,30,0.85,224x224,synthetically generated prototype image
val/methamphetamine/negative/methamphetamine_negative_0006.png,val,methamphetamine,negative,0,True,45,0.8114,224x224,synthetically generated prototype image
val/methamphetamine/negative/methamphetamine_negative_0007.png,val,methamphetamine,negative,0,True,0,0.8019,224x224,synthetically generated prototype image
val/methamphetamine/negative/methamphetamine_negative_0008.png,val,methamphetamine,negative,0,True,45,0.8766,224x224,synthetically generated prototype image
val/methamphetamine/negative/methamphetamine_negative_0009.png,val,methamphetamine,negative,0,True,15,0.9085,224x224,synthetically generated prototype image
val/methamphetamine/inconclusive/methamphetamine_inconclusive_0000.png,val,methamphetamine,inconclusive,2,True,0,1.0087,224x224,synthetically generated prototype image
val/methamphetamine/inconclusive/methamphetamine_inconclusive_0001.png,val,methamphetamine,inconclusive,2,True,0,0.8727,224x224,synthetically generated prototype image
val/methamphetamine/inconclusive/methamphetamine_inconclusive_0002.png,val,methamphetamine,inconclusive,2,True,30,0.8671,224x224,synthetically generated prototype image
val/methamphetamine/inconclusive/methamphetamine_inconclusive_0003.png,val,methamphetamine,inconclusive,2,True,45,0.9208,224x224,synthetically generated prototype image
val/methamphetamine/inconclusive/methamphetamine_inconclusive_0004.png,val,methamphetamine,inconclusive,2,True,30,1.1278,224x224,synthetically generated prototype image
val/methamphetamine/inconclusive/methamphetamine_inconclusive_0005.png,val,methamphetamine,inconclusive,2,True,15,0.9326,224x224,synthetically generated prototype image
val/methamphetamine/inconclusive/methamphetamine_inconclusive_0006.png,val,methamphetamine,inconclusive,2,True,0,1.0006,224x224,synthetically generated prototype image
val/methamphetamine/inconclusive/methamphetamine_inconclusive_0007.png,val,methamphetamine,inconclusive,2,True,45,0.807,224x224,synthetically generated prototype image
val/methamphetamine/inconclusive/methamphetamine_inconclusive_0008.png,val,methamphetamine,inconclusive,2,True,30,0.9568,224x224,synthetically generated prototype image
val/methamphetamine/inconclusive/methamphetamine_inconclusive_0009.png,val,methamphetamine,inconclusive,2,True,30,1.0291,224x224,synthetically generated prototype image
val/cannabis/positive/cannabis_positive_0000.png,val,cannabis,positive,1,True,30,1.0741,224x224,synthetically generated prototype image
val/cannabis/positive/cannabis_positive_0001.png,val,cannabis,positive,1,True,45,1.1288,224x224,synthetically generated prototype image
val/cannabis/positive/cannabis_positive_0002.png,val,cannabis,positive,1,True,30,1.0183,224x224,synthetically generated prototype image
val/cannabis/positive/cannabis_positive_0003.png,val,cannabis,positive,1,True,45,0.8252,224x224,synthetically generated prototype image
val/cannabis/positive/cannabis_positive_0004.png,val,cannabis,positive,1,True,0,1.0434,224x224,synthetically generated prototype image
val/cannabis/positive/cannabis_positive_0005.png,val,cannabis,positive,1,True,45,0.9878,224x224,synthetically generated prototype image
val/cannabis/positive/cannabis_positive_0006.png,val,cannabis,positive,1,True,30,0.9195,224x224,synthetically generated prototype image
val/cannabis/positive/cannabis_positive_0007.png,val,cannabis,positive,1,True,15,0.8618,224x224,synthetically generated prototype image
val/cannabis/positive/cannabis_positive_0008.png,val,cannabis,positive,1,True,30,1.0819,224x224,synthetically generated prototype image
val/cannabis/positive/cannabis_positive_0009.png,val,cannabis,positive,1,True,0,1.0419,224x224,synthetically generated prototype image
val/cannabis/negative/cannabis_negative_0000.png,val,cannabis,negative,0,True,45,1.169,224x224,synthetically generated prototype image
val/cannabis/negative/cannabis_negative_0001.png,val,cannabis,negative,0,True,15,0.9562,224x224,synthetically generated prototype image
val/cannabis/negative/cannabis_negative_0002.png,val,cannabis,negative,0,True,30,1.098,224x224,synthetically generated prototype image
val/cannabis/negative/cannabis_negative_0003.png,val,cannabis,negative,0,True,15,0.8357,224x224,synthetically generated prototype image
val/cannabis/negative/cannabis_negative_0004.png,val,cannabis,negative,0,True,45,1.1654,224x224,synthetically generated prototype image
val/cannabis/negative/cannabis_negative_0005.png,val,cannabis,negative,0,True,45,0.8289,224x224,synthetically generated prototype image
val/cannabis/negative/cannabis_negative_0006.png,val,cannabis,negative,0,True,15,1.0528,224x224,synthetically generated prototype image
val/cannabis/negative/cannabis_negative_0007.png,val,cannabis,negative,0,True,30,0.9402,224x224,synthetically generated prototype image
val/cannabis/negative/cannabis_negative_0008.png,val,cannabis,negative,0,True,0,0.9211,224x224,synthetically generated prototype image
val/cannabis/negative/cannabis_negative_0009.png,val,cannabis,negative,0,True,0,0.8017,224x224,synthetically generated prototype image
val/cannabis/inconclusive/cannabis_inconclusive_0000.png,val,cannabis,inconclusive,2,True,15,1.0257,224x224,synthetically generated prototype image
val/cannabis/inconclusive/cannabis_inconclusive_0001.png,val,cannabis,inconclusive,2,True,0,1.1557,224x224,synthetically generated prototype image
val/cannabis/inconclusive/cannabis_inconclusive_0002.png,val,cannabis,inconclusive,2,True,15,1.0196,224x224,synthetically generated prototype image
val/cannabis/inconclusive/cannabis_inconclusive_0003.png,val,cannabis,inconclusive,2,True,0,1.0984,224x224,synthetically generated prototype image
val/cannabis/inconclusive/cannabis_inconclusive_0004.png,val,cannabis,inconclusive,2,True,15,0.8839,224x224,synthetically generated prototype image
val/cannabis/inconclusive/cannabis_inconclusive_0005.png,val,cannabis,inconclusive,2,True,15,0.8916,224x224,synthetically generated prototype image
val/cannabis/inconclusive/cannabis_inconclusive_0006.png,val,cannabis,inconclusive,2,True,15,0.9746,224x224,synthetically generated prototype image
val/cannabis/inconclusive/cannabis_inconclusive_0007.png,val,cannabis,inconclusive,2,True,15,0.809,224x224,synthetically generated prototype image
val/cannabis/inconclusive/cannabis_inconclusive_0008.png,val,cannabis,inconclusive,2,True,15,0.8643,224x224,synthetically generated prototype image
val/cannabis/inconclusive/cannabis_inconclusive_0009.png,val,cannabis,inconclusive,2,True,45,0.8324,224x224,synthetically generated prototype image
val/mdma/positive/mdma_positive_0000.png,val,mdma,positive,1,True,15,0.8628,224x224,synthetically generated prototype image
val/mdma/positive/mdma_positive_0001.png,val,mdma,positive,1,True,15,1.1693,224x224,synthetically generated prototype image
val/mdma/positive/mdma_positive_0002.png,val,mdma,positive,1,True,0,0.9332,224x224,synthetically generated prototype image
val/mdma/positive/mdma_positive_0003.png,val,mdma,positive,1,True,45,0.8112,224x224,synthetically generated prototype image
val/mdma/positive/mdma_positive_0004.png,val,mdma,positive,1,True,0,1.0131,224x224,synthetically generated prototype image
val/mdma/positive/mdma_positive_0005.png,val,mdma,positive,1,True,30,0.842,224x224,synthetically generated prototype image
val/mdma/positive/mdma_positive_0006.png,val,mdma,positive,1,True,0,0.8964,224x224,synthetically generated prototype image
val/mdma/positive/mdma_positive_0007.png,val,mdma,positive,1,True,15,0.8327,224x224,synthetically generated prototype image
val/mdma/positive/mdma_positive_0008.png,val,mdma,positive,1,True,45,0.8216,224x224,synthetically generated prototype image
val/mdma/positive/mdma_positive_0009.png,val,mdma,positive,1,True,30,0.9113,224x224,synthetically generated prototype image
val/mdma/negative/mdma_negative_0000.png,val,mdma,negative,0,True,45,1.1794,224x224,synthetically generated prototype image
val/mdma/negative/mdma_negative_0001.png,val,mdma,negative,0,True,15,0.8751,224x224,synthetically generated prototype image
val/mdma/negative/mdma_negative_0002.png,val,mdma,negative,0,True,15,1.1623,224x224,synthetically generated prototype image
val/mdma/negative/mdma_negative_0003.png,val,mdma,negative,0,True,30,0.8998,224x224,synthetically generated prototype image
val/mdma/negative/mdma_negative_0004.png,val,mdma,negative,0,True,15,1.1016,224x224,synthetically generated prototype image
val/mdma/negative/mdma_negative_0005.png,val,mdma,negative,0,True,30,1.1624,224x224,synthetically generated prototype image
val/mdma/negative/mdma_negative_0006.png,val,mdma,negative,0,True,45,0.9813,224x224,synthetically generated prototype image
val/mdma/negative/mdma_negative_0007.png,val,mdma,negative,0,True,45,1.1313,224x224,synthetically generated prototype image
val/mdma/negative/mdma_negative_0008.png,val,mdma,negative,0,True,45,0.9188,224x224,synthetically generated prototype image
val/mdma/negative/mdma_negative_0009.png,val,mdma,negative,0,True,30,1.0522,224x224,synthetically generated prototype image
val/mdma/inconclusive/mdma_inconclusive_0000.png,val,mdma,inconclusive,2,True,45,0.8814,224x224,synthetically generated prototype image
val/mdma/inconclusive/mdma_inconclusive_0001.png,val,mdma,inconclusive,2,True,30,0.9933,224x224,synthetically generated prototype image
val/mdma/inconclusive/mdma_inconclusive_0002.png,val,mdma,inconclusive,2,True,15,1.128,224x224,synthetically generated prototype image
val/mdma/inconclusive/mdma_inconclusive_0003.png,val,mdma,inconclusive,2,True,45,0.9791,224x224,synthetically generated prototype image
val/mdma/inconclusive/mdma_inconclusive_0004.png,val,mdma,inconclusive,2,True,0,1.1393,224x224,synthetically generated prototype image
val/mdma/inconclusive/mdma_inconclusive_0005.png,val,mdma,inconclusive,2,True,0,0.9915,224x224,synthetically generated prototype image
val/mdma/inconclusive/mdma_inconclusive_0006.png,val,mdma,inconclusive,2,True,15,0.9894,224x224,synthetically generated prototype image
val/mdma/inconclusive/mdma_inconclusive_0007.png,val,mdma,inconclusive,2,True,30,1.0479,224x224,synthetically generated prototype image
val/mdma/inconclusive/mdma_inconclusive_0008.png,val,mdma,inconclusive,2,True,15,1.045,224x224,synthetically generated prototype image
val/mdma/inconclusive/mdma_inconclusive_0009.png,val,mdma,inconclusive,2,True,0,1.0791,224x224,synthetically generated prototype image
val/fentanyl/positive/fentanyl_positive_0000.png,val,fentanyl,positive,1,True,0,0.9598,224x224,synthetically generated prototype image
val/fentanyl/positive/fentanyl_positive_0001.png,val,fentanyl,positive,1,True,30,1.0916,224x224,synthetically generated prototype image
val/fentanyl/positive/fentanyl_positive_0002.png,val,fentanyl,positive,1,True,0,1.1584,224x224,synthetically generated prototype image
val/fentanyl/positive/fentanyl_positive_0003.png,val,fentanyl,positive,1,True,45,1.0959,224x224,synthetically generated prototype image
val/fentanyl/positive/fentanyl_positive_0004.png,val,fentanyl,positive,1,True,0,0.8639,224x224,synthetically generated prototype image
val/fentanyl/positive/fentanyl_positive_0005.png,val,fentanyl,positive,1,True,30,0.8961,224x224,synthetically generated prototype image
val/fentanyl/positive/fentanyl_positive_0006.png,val,fentanyl,positive,1,True,30,1.0007,224x224,synthetically generated prototype image
val/fentanyl/positive/fentanyl_positive_0007.png,val,fentanyl,positive,1,True,0,1.1231,224x224,synthetically generated prototype image
val/fentanyl/positive/fentanyl_positive_0008.png,val,fentanyl,positive,1,True,15,1.1194,224x224,synthetically generated prototype image
val/fentanyl/positive/fentanyl_positive_0009.png,val,fentanyl,positive,1,True,0,1.1527,224x224,synthetically generated prototype image
val/fentanyl/negative/fentanyl_negative_0000.png,val,fentanyl,negative,0,True,0,1.1541,224x224,synthetically generated prototype image
val/fentanyl/negative/fentanyl_negative_0001.png,val,fentanyl,negative,0,True,45,0.9855,224x224,synthetically generated prototype image
val/fentanyl/negative/fentanyl_negative_0002.png,val,fentanyl,negative,0,True,45,1.1565,224x224,synthetically generated prototype image
val/fentanyl/negative/fentanyl_negative_0003.png,val,fentanyl,negative,0,True,45,1.0139,224x224,synthetically generated prototype image
val/fentanyl/negative/fentanyl_negative_0004.png,val,fentanyl,negative,0,True,45,0.9214,224x224,synthetically generated prototype image
val/fentanyl/negative/fentanyl_negative_0005.png,val,fentanyl,negative,0,True,30,0.9531,224x224,synthetically generated prototype image
val/fentanyl/negative/fentanyl_negative_0006.png,val,fentanyl,negative,0,True,30,1.1752,224x224,synthetically generated prototype image
val/fentanyl/negative/fentanyl_negative_0007.png,val,fentanyl,negative,0,True,15,1.0504,224x224,synthetically generated prototype image
val/fentanyl/negative/fentanyl_negative_0008.png,val,fentanyl,negative,0,True,0,0.9399,224x224,synthetically generated prototype image
val/fentanyl/negative/fentanyl_negative_0009.png,val,fentanyl,negative,0,True,0,0.9747,224x224,synthetically generated prototype image
val/fentanyl/inconclusive/fentanyl_inconclusive_0000.png,val,fentanyl,inconclusive,2,True,0,1.1536,224x224,synthetically generated prototype image
val/fentanyl/inconclusive/fentanyl_inconclusive_0001.png,val,fentanyl,inconclusive,2,True,30,1.021,224x224,synthetically generated prototype image
val/fentanyl/inconclusive/fentanyl_inconclusive_0002.png,val,fentanyl,inconclusive,2,True,30,0.9685,224x224,synthetically generated prototype image
val/fentanyl/inconclusive/fentanyl_inconclusive_0003.png,val,fentanyl,inconclusive,2,True,0,1.0076,224x224,synthetically generated prototype image
val/fentanyl/inconclusive/fentanyl_inconclusive_0004.png,val,fentanyl,inconclusive,2,True,45,0.8928,224x224,synthetically generated prototype image
val/fentanyl/inconclusive/fentanyl_inconclusive_0005.png,val,fentanyl,inconclusive,2,True,0,0.9406,224x224,synthetically generated prototype image
val/fentanyl/inconclusive/fentanyl_inconclusive_0006.png,val,fentanyl,inconclusive,2,True,30,0.8129,224x224,synthetically generated prototype image
val/fentanyl/inconclusive/fentanyl_inconclusive_0007.png,val,fentanyl,inconclusive,2,True,0,1.0411,224x224,synthetically generated prototype image
val/fentanyl/inconclusive/fentanyl_inconclusive_0008.png,val,fentanyl,inconclusive,2,True,30,0.9324,224x224,synthetically generated prototype image
val/fentanyl/inconclusive/fentanyl_inconclusive_0009.png,val,fentanyl,inconclusive,2,True,0,1.0989,224x224,synthetically generated prototype image
val/ketamine/positive/ketamine_positive_0000.png,val,ketamine,positive,1,True,45,1.0445,224x224,synthetically generated prototype image
val/ketamine/positive/ketamine_positive_0001.png,val,ketamine,positive,1,True,15,0.9534,224x224,synthetically generated prototype image
val/ketamine/positive/ketamine_positive_0002.png,val,ketamine,positive,1,True,0,1.0367,224x224,synthetically generated prototype image
val/ketamine/positive/ketamine_positive_0003.png,val,ketamine,positive,1,True,45,1.0375,224x224,synthetically generated prototype image
val/ketamine/positive/ketamine_positive_0004.png,val,ketamine,positive,1,True,45,1.0287,224x224,synthetically generated prototype image
val/ketamine/positive/ketamine_positive_0005.png,val,ketamine,positive,1,True,15,0.9054,224x224,synthetically generated prototype image
val/ketamine/positive/ketamine_positive_0006.png,val,ketamine,positive,1,True,0,1.0123,224x224,synthetically generated prototype image
val/ketamine/positive/ketamine_positive_0007.png,val,ketamine,positive,1,True,0,0.9611,224x224,synthetically generated prototype image
val/ketamine/positive/ketamine_positive_0008.png,val,ketamine,positive,1,True,30,0.8014,224x224,synthetically generated prototype image
val/ketamine/positive/ketamine_positive_0009.png,val,ketamine,positive,1,True,0,0.8288,224x224,synthetically generated prototype image
val/ketamine/negative/ketamine_negative_0000.png,val,ketamine,negative,0,True,0,0.8347,224x224,synthetically generated prototype image
val/ketamine/negative/ketamine_negative_0001.png,val,ketamine,negative,0,True,45,1.0926,224x224,synthetically generated prototype image
val/ketamine/negative/ketamine_negative_0002.png,val,ketamine,negative,0,True,15,1.1646,224x224,synthetically generated prototype image
val/ketamine/negative/ketamine_negative_0003.png,val,ketamine,negative,0,True,45,1.0055,224x224,synthetically generated prototype image
val/ketamine/negative/ketamine_negative_0004.png,val,ketamine,negative,0,True,15,1.1108,224x224,synthetically generated prototype image
val/ketamine/negative/ketamine_negative_0005.png,val,ketamine,negative,0,True,30,1.1229,224x224,synthetically generated prototype image
val/ketamine/negative/ketamine_negative_0006.png,val,ketamine,negative,0,True,0,0.9221,224x224,synthetically generated prototype image
val/ketamine/negative/ketamine_negative_0007.png,val,ketamine,negative,0,True,45,1.1697,224x224,synthetically generated prototype image
val/ketamine/negative/ketamine_negative_0008.png,val,ketamine,negative,0,True,45,0.9164,224x224,synthetically generated prototype image
val/ketamine/negative/ketamine_negative_0009.png,val,ketamine,negative,0,True,0,1.0508,224x224,synthetically generated prototype image
val/ketamine/inconclusive/ketamine_inconclusive_0000.png,val,ketamine,inconclusive,2,True,45,1.0944,224x224,synthetically generated prototype image
val/ketamine/inconclusive/ketamine_inconclusive_0001.png,val,ketamine,inconclusive,2,True,45,0.9189,224x224,synthetically generated prototype image
val/ketamine/inconclusive/ketamine_inconclusive_0002.png,val,ketamine,inconclusive,2,True,30,1.0716,224x224,synthetically generated prototype image
val/ketamine/inconclusive/ketamine_inconclusive_0003.png,val,ketamine,inconclusive,2,True,0,1.005,224x224,synthetically generated prototype image
val/ketamine/inconclusive/ketamine_inconclusive_0004.png,val,ketamine,inconclusive,2,True,45,0.9152,224x224,synthetically generated prototype image
val/ketamine/inconclusive/ketamine_inconclusive_0005.png,val,ketamine,inconclusive,2,True,30,1.0588,224x224,synthetically generated prototype image
val/ketamine/inconclusive/ketamine_inconclusive_0006.png,val,ketamine,inconclusive,2,True,30,1.1641,224x224,synthetically generated prototype image
val/ketamine/inconclusive/ketamine_inconclusive_0007.png,val,ketamine,inconclusive,2,True,15,0.937,224x224,synthetically generated prototype image
val/ketamine/inconclusive/ketamine_inconclusive_0008.png,val,ketamine,inconclusive,2,True,30,1.1364,224x224,synthetically generated prototype image
val/ketamine/inconclusive/ketamine_inconclusive_0009.png,val,ketamine,inconclusive,2,True,15,0.9417,224x224,synthetically generated prototype image
test/heroin/positive/heroin_positive_0000.png,test,heroin,positive,1,True,45,1.0188,224x224,synthetically generated prototype image
test/heroin/positive/heroin_positive_0001.png,test,heroin,positive,1,True,30,0.8399,224x224,synthetically generated prototype image
test/heroin/positive/heroin_positive_0002.png,test,heroin,positive,1,True,15,1.0882,224x224,synthetically generated prototype image
test/heroin/positive/heroin_positive_0003.png,test,heroin,positive,1,True,45,1.0528,224x224,synthetically generated prototype image
test/heroin/positive/heroin_positive_0004.png,test,heroin,positive,1,True,45,1.1487,224x224,synthetically generated prototype image
test/heroin/positive/heroin_positive_0005.png,test,heroin,positive,1,True,30,0.8169,224x224,synthetically generated prototype image
test/heroin/positive/heroin_positive_0006.png,test,heroin,positive,1,True,45,0.8079,224x224,synthetically generated prototype image
test/heroin/positive/heroin_positive_0007.png,test,heroin,positive,1,True,15,1.1265,224x224,synthetically generated prototype image
test/heroin/positive/heroin_positive_0008.png,test,heroin,positive,1,True,15,0.8142,224x224,synthetically generated prototype image
test/heroin/positive/heroin_positive_0009.png,test,heroin,positive,1,True,45,0.8668,224x224,synthetically generated prototype image
test/heroin/negative/heroin_negative_0000.png,test,heroin,negative,0,True,15,1.0258,224x224,synthetically generated prototype image
test/heroin/negative/heroin_negative_0001.png,test,heroin,negative,0,True,45,0.9886,224x224,synthetically generated prototype image
test/heroin/negative/heroin_negative_0002.png,test,heroin,negative,0,True,15,1.0233,224x224,synthetically generated prototype image
test/heroin/negative/heroin_negative_0003.png,test,heroin,negative,0,True,30,0.9486,224x224,synthetically generated prototype image
test/heroin/negative/heroin_negative_0004.png,test,heroin,negative,0,True,0,1.0014,224x224,synthetically generated prototype image
test/heroin/negative/heroin_negative_0005.png,test,heroin,negative,0,True,45,0.9392,224x224,synthetically generated prototype image
test/heroin/negative/heroin_negative_0006.png,test,heroin,negative,0,True,45,0.8893,224x224,synthetically generated prototype image
test/heroin/negative/heroin_negative_0007.png,test,heroin,negative,0,True,30,0.8497,224x224,synthetically generated prototype image
test/heroin/negative/heroin_negative_0008.png,test,heroin,negative,0,True,30,0.9076,224x224,synthetically generated prototype image
test/heroin/negative/heroin_negative_0009.png,test,heroin,negative,0,True,0,1.0759,224x224,synthetically generated prototype image
test/heroin/inconclusive/heroin_inconclusive_0000.png,test,heroin,inconclusive,2,True,0,0.8279,224x224,synthetically generated prototype image
test/heroin/inconclusive/heroin_inconclusive_0001.png,test,heroin,inconclusive,2,True,0,1.0146,224x224,synthetically generated prototype image
test/heroin/inconclusive/heroin_inconclusive_0002.png,test,heroin,inconclusive,2,True,30,1.1213,224x224,synthetically generated prototype image
test/heroin/inconclusive/heroin_inconclusive_0003.png,test,heroin,inconclusive,2,True,30,0.9002,224x224,synthetically generated prototype image
test/heroin/inconclusive/heroin_inconclusive_0004.png,test,heroin,inconclusive,2,True,45,1.0583,224x224,synthetically generated prototype image
test/heroin/inconclusive/heroin_inconclusive_0005.png,test,heroin,inconclusive,2,True,15,1.0603,224x224,synthetically generated prototype image
test/heroin/inconclusive/heroin_inconclusive_0006.png,test,heroin,inconclusive,2,True,15,0.8423,224x224,synthetically generated prototype image
test/heroin/inconclusive/heroin_inconclusive_0007.png,test,heroin,inconclusive,2,True,45,0.8874,224x224,synthetically generated prototype image
test/heroin/inconclusive/heroin_inconclusive_0008.png,test,heroin,inconclusive,2,True,45,0.9238,224x224,synthetically generated prototype image
test/heroin/inconclusive/heroin_inconclusive_0009.png,test,heroin,inconclusive,2,True,30,0.8832,224x224,synthetically generated prototype image
test/cocaine/positive/cocaine_positive_0000.png,test,cocaine,positive,1,True,45,0.9656,224x224,synthetically generated prototype image
test/cocaine/positive/cocaine_positive_0001.png,test,cocaine,positive,1,True,0,0.9474,224x224,synthetically generated prototype image
test/cocaine/positive/cocaine_positive_0002.png,test,cocaine,positive,1,True,0,0.8063,224x224,synthetically generated prototype image
test/cocaine/positive/cocaine_positive_0003.png,test,cocaine,positive,1,True,30,1.1208,224x224,synthetically generated prototype image
test/cocaine/positive/cocaine_positive_0004.png,test,cocaine,positive,1,True,0,0.8207,224x224,synthetically generated prototype image
test/cocaine/positive/cocaine_positive_0005.png,test,cocaine,positive,1,True,15,0.9265,224x224,synthetically generated prototype image
test/cocaine/positive/cocaine_positive_0006.png,test,cocaine,positive,1,True,15,1.0827,224x224,synthetically generated prototype image
test/cocaine/positive/cocaine_positive_0007.png,test,cocaine,positive,1,True,45,1.1494,224x224,synthetically generated prototype image
test/cocaine/positive/cocaine_positive_0008.png,test,cocaine,positive,1,True,45,1.1541,224x224,synthetically generated prototype image
test/cocaine/positive/cocaine_positive_0009.png,test,cocaine,positive,1,True,0,1.0517,224x224,synthetically generated prototype image
test/cocaine/negative/cocaine_negative_0000.png,test,cocaine,negative,0,True,0,1.0993,224x224,synthetically generated prototype image
test/cocaine/negative/cocaine_negative_0001.png,test,cocaine,negative,0,True,45,0.9202,224x224,synthetically generated prototype image
test/cocaine/negative/cocaine_negative_0002.png,test,cocaine,negative,0,True,45,0.9332,224x224,synthetically generated prototype image
test/cocaine/negative/cocaine_negative_0003.png,test,cocaine,negative,0,True,45,1.0897,224x224,synthetically generated prototype image
test/cocaine/negative/cocaine_negative_0004.png,test,cocaine,negative,0,True,0,0.9157,224x224,synthetically generated prototype image
test/cocaine/negative/cocaine_negative_0005.png,test,cocaine,negative,0,True,45,1.0782,224x224,synthetically generated prototype image
test/cocaine/negative/cocaine_negative_0006.png,test,cocaine,negative,0,True,45,0.9087,224x224,synthetically generated prototype image
test/cocaine/negative/cocaine_negative_0007.png,test,cocaine,negative,0,True,15,0.8998,224x224,synthetically generated prototype image
test/cocaine/negative/cocaine_negative_0008.png,test,cocaine,negative,0,True,15,0.8537,224x224,synthetically generated prototype image
test/cocaine/negative/cocaine_negative_0009.png,test,cocaine,negative,0,True,30,1.0306,224x224,synthetically generated prototype image
test/cocaine/inconclusive/cocaine_inconclusive_0000.png,test,cocaine,inconclusive,2,True,15,0.9609,224x224,synthetically generated prototype image
test/cocaine/inconclusive/cocaine_inconclusive_0001.png,test,cocaine,inconclusive,2,True,30,0.9948,224x224,synthetically generated prototype image
test/cocaine/inconclusive/cocaine_inconclusive_0002.png,test,cocaine,inconclusive,2,True,15,0.9139,224x224,synthetically generated prototype image
test/cocaine/inconclusive/cocaine_inconclusive_0003.png,test,cocaine,inconclusive,2,True,30,1.0771,224x224,synthetically generated prototype image
test/cocaine/inconclusive/cocaine_inconclusive_0004.png,test,cocaine,inconclusive,2,True,30,0.8112,224x224,synthetically generated prototype image
test/cocaine/inconclusive/cocaine_inconclusive_0005.png,test,cocaine,inconclusive,2,True,15,1.0574,224x224,synthetically generated prototype image
test/cocaine/inconclusive/cocaine_inconclusive_0006.png,test,cocaine,inconclusive,2,True,30,0.9308,224x224,synthetically generated prototype image
test/cocaine/inconclusive/cocaine_inconclusive_0007.png,test,cocaine,inconclusive,2,True,0,1.1586,224x224,synthetically generated prototype image
test/cocaine/inconclusive/cocaine_inconclusive_0008.png,test,cocaine,inconclusive,2,True,15,0.8322,224x224,synthetically generated prototype image
test/cocaine/inconclusive/cocaine_inconclusive_0009.png,test,cocaine,inconclusive,2,True,45,1.0478,224x224,synthetically generated prototype image
test/methamphetamine/positive/methamphetamine_positive_0000.png,test,methamphetamine,positive,1,True,45,0.9518,224x224,synthetically generated prototype image
test/methamphetamine/positive/methamphetamine_positive_0001.png,test,methamphetamine,positive,1,True,45,0.8285,224x224,synthetically generated prototype image
test/methamphetamine/positive/methamphetamine_positive_0002.png,test,methamphetamine,positive,1,True,15,0.8363,224x224,synthetically generated prototype image
test/methamphetamine/positive/methamphetamine_positive_0003.png,test,methamphetamine,positive,1,True,0,1.1024,224x224,synthetically generated prototype image
test/methamphetamine/positive/methamphetamine_positive_0004.png,test,methamphetamine,positive,1,True,15,0.8994,224x224,synthetically generated prototype image
test/methamphetamine/positive/methamphetamine_positive_0005.png,test,methamphetamine,positive,1,True,30,1.1751,224x224,synthetically generated prototype image
test/methamphetamine/positive/methamphetamine_positive_0006.png,test,methamphetamine,positive,1,True,0,1.1078,224x224,synthetically generated prototype image
test/methamphetamine/positive/methamphetamine_positive_0007.png,test,methamphetamine,positive,1,True,15,1.1059,224x224,synthetically generated prototype image
test/methamphetamine/positive/methamphetamine_positive_0008.png,test,methamphetamine,positive,1,True,45,0.9383,224x224,synthetically generated prototype image
test/methamphetamine/positive/methamphetamine_positive_0009.png,test,methamphetamine,positive,1,True,30,1.1043,224x224,synthetically generated prototype image
test/methamphetamine/negative/methamphetamine_negative_0000.png,test,methamphetamine,negative,0,True,30,0.996,224x224,synthetically generated prototype image
test/methamphetamine/negative/methamphetamine_negative_0001.png,test,methamphetamine,negative,0,True,0,0.9733,224x224,synthetically generated prototype image
test/methamphetamine/negative/methamphetamine_negative_0002.png,test,methamphetamine,negative,0,True,0,1.0778,224x224,synthetically generated prototype image
test/methamphetamine/negative/methamphetamine_negative_0003.png,test,methamphetamine,negative,0,True,30,1.0925,224x224,synthetically generated prototype image
test/methamphetamine/negative/methamphetamine_negative_0004.png,test,methamphetamine,negative,0,True,30,1.1405,224x224,synthetically generated prototype image
test/methamphetamine/negative/methamphetamine_negative_0005.png,test,methamphetamine,negative,0,True,15,1.1644,224x224,synthetically generated prototype image
test/methamphetamine/negative/methamphetamine_negative_0006.png,test,methamphetamine,negative,0,True,30,1.1368,224x224,synthetically generated prototype image
test/methamphetamine/negative/methamphetamine_negative_0007.png,test,methamphetamine,negative,0,True,45,0.9605,224x224,synthetically generated prototype image
test/methamphetamine/negative/methamphetamine_negative_0008.png,test,methamphetamine,negative,0,True,45,0.8346,224x224,synthetically generated prototype image
test/methamphetamine/negative/methamphetamine_negative_0009.png,test,methamphetamine,negative,0,True,15,1.036,224x224,synthetically generated prototype image
test/methamphetamine/inconclusive/methamphetamine_inconclusive_0000.png,test,methamphetamine,inconclusive,2,True,45,1.0704,224x224,synthetically generated prototype image
test/methamphetamine/inconclusive/methamphetamine_inconclusive_0001.png,test,methamphetamine,inconclusive,2,True,45,1.1182,224x224,synthetically generated prototype image
test/methamphetamine/inconclusive/methamphetamine_inconclusive_0002.png,test,methamphetamine,inconclusive,2,True,30,0.8539,224x224,synthetically generated prototype image
test/methamphetamine/inconclusive/methamphetamine_inconclusive_0003.png,test,methamphetamine,inconclusive,2,True,15,0.9798,224x224,synthetically generated prototype image
test/methamphetamine/inconclusive/methamphetamine_inconclusive_0004.png,test,methamphetamine,inconclusive,2,True,30,0.9367,224x224,synthetically generated prototype image
test/methamphetamine/inconclusive/methamphetamine_inconclusive_0005.png,test,methamphetamine,inconclusive,2,True,30,1.0758,224x224,synthetically generated prototype image
test/methamphetamine/inconclusive/methamphetamine_inconclusive_0006.png,test,methamphetamine,inconclusive,2,True,15,1.0853,224x224,synthetically generated prototype image
test/methamphetamine/inconclusive/methamphetamine_inconclusive_0007.png,test,methamphetamine,inconclusive,2,True,0,1.0011,224x224,synthetically generated prototype image
test/methamphetamine/inconclusive/methamphetamine_inconclusive_0008.png,test,methamphetamine,inconclusive,2,True,15,1.008,224x224,synthetically generated prototype image
test/methamphetamine/inconclusive/methamphetamine_inconclusive_0009.png,test,methamphetamine,inconclusive,2,True,45,0.9036,224x224,synthetically generated prototype image
test/cannabis/positive/cannabis_positive_0000.png,test,cannabis,positive,1,True,0,1.1622,224x224,synthetically generated prototype image
test/cannabis/positive/cannabis_positive_0001.png,test,cannabis,positive,1,True,0,0.9306,224x224,synthetically generated prototype image
test/cannabis/positive/cannabis_positive_0002.png,test,cannabis,positive,1,True,30,0.902,224x224,synthetically generated prototype image
test/cannabis/positive/cannabis_positive_0003.png,test,cannabis,positive,1,True,0,1.1608,224x224,synthetically generated prototype image
test/cannabis/positive/cannabis_positive_0004.png,test,cannabis,positive,1,True,0,0.9065,224x224,synthetically generated prototype image
test/cannabis/positive/cannabis_positive_0005.png,test,cannabis,positive,1,True,15,1.0443,224x224,synthetically generated prototype image
test/cannabis/positive/cannabis_positive_0006.png,test,cannabis,positive,1,True,30,1.116,224x224,synthetically generated prototype image
test/cannabis/positive/cannabis_positive_0007.png,test,cannabis,positive,1,True,0,0.9957,224x224,synthetically generated prototype image
test/cannabis/positive/cannabis_positive_0008.png,test,cannabis,positive,1,True,15,1.0708,224x224,synthetically generated prototype image
test/cannabis/positive/cannabis_positive_0009.png,test,cannabis,positive,1,True,0,1.1094,224x224,synthetically generated prototype image
test/cannabis/negative/cannabis_negative_0000.png,test,cannabis,negative,0,True,0,1.0161,224x224,synthetically generated prototype image
test/cannabis/negative/cannabis_negative_0001.png,test,cannabis,negative,0,True,30,1.0558,224x224,synthetically generated prototype image
test/cannabis/negative/cannabis_negative_0002.png,test,cannabis,negative,0,True,0,1.0512,224x224,synthetically generated prototype image
test/cannabis/negative/cannabis_negative_0003.png,test,cannabis,negative,0,True,15,1.0285,224x224,synthetically generated prototype image
test/cannabis/negative/cannabis_negative_0004.png,test,cannabis,negative,0,True,15,0.8428,224x224,synthetically generated prototype image
test/cannabis/negative/cannabis_negative_0005.png,test,cannabis,negative,0,True,45,1.052,224x224,synthetically generated prototype image
test/cannabis/negative/cannabis_negative_0006.png,test,cannabis,negative,0,True,45,1.016,224x224,synthetically generated prototype image
test/cannabis/negative/cannabis_negative_0007.png,test,cannabis,negative,0,True,15,0.92,224x224,synthetically generated prototype image
test/cannabis/negative/cannabis_negative_0008.png,test,cannabis,negative,0,True,30,0.8454,224x224,synthetically generated prototype image
test/cannabis/negative/cannabis_negative_0009.png,test,cannabis,negative,0,True,30,1.0438,224x224,synthetically generated prototype image
test/cannabis/inconclusive/cannabis_inconclusive_0000.png,test,cannabis,inconclusive,2,True,45,1.0743,224x224,synthetically generated prototype image
test/cannabis/inconclusive/cannabis_inconclusive_0001.png,test,cannabis,inconclusive,2,True,15,0.8448,224x224,synthetically generated prototype image
test/cannabis/inconclusive/cannabis_inconclusive_0002.png,test,cannabis,inconclusive,2,True,15,0.8795,224x224,synthetically generated prototype image
test/cannabis/inconclusive/cannabis_inconclusive_0003.png,test,cannabis,inconclusive,2,True,30,0.8656,224x224,synthetically generated prototype image
test/cannabis/inconclusive/cannabis_inconclusive_0004.png,test,cannabis,inconclusive,2,True,15,1.1517,224x224,synthetically generated prototype image
test/cannabis/inconclusive/cannabis_inconclusive_0005.png,test,cannabis,inconclusive,2,True,0,1.1445,224x224,synthetically generated prototype image
test/cannabis/inconclusive/cannabis_inconclusive_0006.png,test,cannabis,inconclusive,2,True,0,1.1059,224x224,synthetically generated prototype image
test/cannabis/inconclusive/cannabis_inconclusive_0007.png,test,cannabis,inconclusive,2,True,0,0.8914,224x224,synthetically generated prototype image
test/cannabis/inconclusive/cannabis_inconclusive_0008.png,test,cannabis,inconclusive,2,True,0,1.0058,224x224,synthetically generated prototype image
test/cannabis/inconclusive/cannabis_inconclusive_0009.png,test,cannabis,inconclusive,2,True,15,1.1615,224x224,synthetically generated prototype image
test/mdma/positive/mdma_positive_0000.png,test,mdma,positive,1,True,45,0.8689,224x224,synthetically generated prototype image
test/mdma/positive/mdma_positive_0001.png,test,mdma,positive,1,True,30,0.813,224x224,synthetically generated prototype image
test/mdma/positive/mdma_positive_0002.png,test,mdma,positive,1,True,30,1.105,224x224,synthetically generated prototype image
test/mdma/positive/mdma_positive_0003.png,test,mdma,positive,1,True,0,0.9242,224x224,synthetically generated prototype image
test/mdma/positive/mdma_positive_0004.png,test,mdma,positive,1,True,0,1.0395,224x224,synthetically generated prototype image
test/mdma/positive/mdma_positive_0005.png,test,mdma,positive,1,True,45,1.0881,224x224,synthetically generated prototype image
test/mdma/positive/mdma_positive_0006.png,test,mdma,positive,1,True,30,1.0904,224x224,synthetically generated prototype image
test/mdma/positive/mdma_positive_0007.png,test,mdma,positive,1,True,30,1.1793,224x224,synthetically generated prototype image
test/mdma/positive/mdma_positive_0008.png,test,mdma,positive,1,True,15,1.0466,224x224,synthetically generated prototype image
test/mdma/positive/mdma_positive_0009.png,test,mdma,positive,1,True,45,1.1492,224x224,synthetically generated prototype image
test/mdma/negative/mdma_negative_0000.png,test,mdma,negative,0,True,15,0.8537,224x224,synthetically generated prototype image
test/mdma/negative/mdma_negative_0001.png,test,mdma,negative,0,True,30,1.0306,224x224,synthetically generated prototype image
test/mdma/negative/mdma_negative_0002.png,test,mdma,negative,0,True,45,1.1744,224x224,synthetically generated prototype image
test/mdma/negative/mdma_negative_0003.png,test,mdma,negative,0,True,45,1.0906,224x224,synthetically generated prototype image
test/mdma/negative/mdma_negative_0004.png,test,mdma,negative,0,True,0,0.8844,224x224,synthetically generated prototype image
test/mdma/negative/mdma_negative_0005.png,test,mdma,negative,0,True,15,0.8267,224x224,synthetically generated prototype image
test/mdma/negative/mdma_negative_0006.png,test,mdma,negative,0,True,30,1.07,224x224,synthetically generated prototype image
test/mdma/negative/mdma_negative_0007.png,test,mdma,negative,0,True,0,1.0696,224x224,synthetically generated prototype image
test/mdma/negative/mdma_negative_0008.png,test,mdma,negative,0,True,0,1.1296,224x224,synthetically generated prototype image
test/mdma/negative/mdma_negative_0009.png,test,mdma,negative,0,True,45,0.8687,224x224,synthetically generated prototype image
test/mdma/inconclusive/mdma_inconclusive_0000.png,test,mdma,inconclusive,2,True,15,0.8322,224x224,synthetically generated prototype image
test/mdma/inconclusive/mdma_inconclusive_0001.png,test,mdma,inconclusive,2,True,45,1.0478,224x224,synthetically generated prototype image
test/mdma/inconclusive/mdma_inconclusive_0002.png,test,mdma,inconclusive,2,True,15,1.0298,224x224,synthetically generated prototype image
test/mdma/inconclusive/mdma_inconclusive_0003.png,test,mdma,inconclusive,2,True,15,1.1504,224x224,synthetically generated prototype image
test/mdma/inconclusive/mdma_inconclusive_0004.png,test,mdma,inconclusive,2,True,0,0.9958,224x224,synthetically generated prototype image
test/mdma/inconclusive/mdma_inconclusive_0005.png,test,mdma,inconclusive,2,True,15,1.1538,224x224,synthetically generated prototype image
test/mdma/inconclusive/mdma_inconclusive_0006.png,test,mdma,inconclusive,2,True,15,1.1723,224x224,synthetically generated prototype image
test/mdma/inconclusive/mdma_inconclusive_0007.png,test,mdma,inconclusive,2,True,15,1.0217,224x224,synthetically generated prototype image
test/mdma/inconclusive/mdma_inconclusive_0008.png,test,mdma,inconclusive,2,True,30,1.1641,224x224,synthetically generated prototype image
test/mdma/inconclusive/mdma_inconclusive_0009.png,test,mdma,inconclusive,2,True,45,1.0771,224x224,synthetically generated prototype image
test/fentanyl/positive/fentanyl_positive_0000.png,test,fentanyl,positive,1,True,30,1.1586,224x224,synthetically generated prototype image
test/fentanyl/positive/fentanyl_positive_0001.png,test,fentanyl,positive,1,True,45,0.9963,224x224,synthetically generated prototype image
test/fentanyl/positive/fentanyl_positive_0002.png,test,fentanyl,positive,1,True,0,0.9593,224x224,synthetically generated prototype image
test/fentanyl/positive/fentanyl_positive_0003.png,test,fentanyl,positive,1,True,45,1.0994,224x224,synthetically generated prototype image
test/fentanyl/positive/fentanyl_positive_0004.png,test,fentanyl,positive,1,True,30,0.9145,224x224,synthetically generated prototype image
test/fentanyl/positive/fentanyl_positive_0005.png,test,fentanyl,positive,1,True,0,1.1632,224x224,synthetically generated prototype image
test/fentanyl/positive/fentanyl_positive_0006.png,test,fentanyl,positive,1,True,15,0.9632,224x224,synthetically generated prototype image
test/fentanyl/positive/fentanyl_positive_0007.png,test,fentanyl,positive,1,True,0,0.818,224x224,synthetically generated prototype image
test/fentanyl/positive/fentanyl_positive_0008.png,test,fentanyl,positive,1,True,15,0.9495,224x224,synthetically generated prototype image
test/fentanyl/positive/fentanyl_positive_0009.png,test,fentanyl,positive,1,True,15,0.9089,224x224,synthetically generated prototype image
test/fentanyl/negative/fentanyl_negative_0000.png,test,fentanyl,negative,0,True,15,0.841,224x224,synthetically generated prototype image
test/fentanyl/negative/fentanyl_negative_0001.png,test,fentanyl,negative,0,True,30,1.0118,224x224,synthetically generated prototype image
test/fentanyl/negative/fentanyl_negative_0002.png,test,fentanyl,negative,0,True,15,0.885,224x224,synthetically generated prototype image
test/fentanyl/negative/fentanyl_negative_0003.png,test,fentanyl,negative,0,True,15,0.9264,224x224,synthetically generated prototype image
test/fentanyl/negative/fentanyl_negative_0004.png,test,fentanyl,negative,0,True,0,0.8775,224x224,synthetically generated prototype image
test/fentanyl/negative/fentanyl_negative_0005.png,test,fentanyl,negative,0,True,45,0.9195,224x224,synthetically generated prototype image
test/fentanyl/negative/fentanyl_negative_0006.png,test,fentanyl,negative,0,True,15,1.028,224x224,synthetically generated prototype image
test/fentanyl/negative/fentanyl_negative_0007.png,test,fentanyl,negative,0,True,0,1.1302,224x224,synthetically generated prototype image
test/fentanyl/negative/fentanyl_negative_0008.png,test,fentanyl,negative,0,True,0,0.9771,224x224,synthetically generated prototype image
test/fentanyl/negative/fentanyl_negative_0009.png,test,fentanyl,negative,0,True,45,0.9027,224x224,synthetically generated prototype image
test/fentanyl/inconclusive/fentanyl_inconclusive_0000.png,test,fentanyl,inconclusive,2,True,45,0.9842,224x224,synthetically generated prototype image
test/fentanyl/inconclusive/fentanyl_inconclusive_0001.png,test,fentanyl,inconclusive,2,True,0,1.065,224x224,synthetically generated prototype image
test/fentanyl/inconclusive/fentanyl_inconclusive_0002.png,test,fentanyl,inconclusive,2,True,45,0.8489,224x224,synthetically generated prototype image
test/fentanyl/inconclusive/fentanyl_inconclusive_0003.png,test,fentanyl,inconclusive,2,True,0,0.8972,224x224,synthetically generated prototype image
test/fentanyl/inconclusive/fentanyl_inconclusive_0004.png,test,fentanyl,inconclusive,2,True,30,1.1616,224x224,synthetically generated prototype image
test/fentanyl/inconclusive/fentanyl_inconclusive_0005.png,test,fentanyl,inconclusive,2,True,0,0.9592,224x224,synthetically generated prototype image
test/fentanyl/inconclusive/fentanyl_inconclusive_0006.png,test,fentanyl,inconclusive,2,True,0,1.1679,224x224,synthetically generated prototype image
test/fentanyl/inconclusive/fentanyl_inconclusive_0007.png,test,fentanyl,inconclusive,2,True,45,0.9317,224x224,synthetically generated prototype image
test/fentanyl/inconclusive/fentanyl_inconclusive_0008.png,test,fentanyl,inconclusive,2,True,15,0.9013,224x224,synthetically generated prototype image
test/fentanyl/inconclusive/fentanyl_inconclusive_0009.png,test,fentanyl,inconclusive,2,True,30,0.9066,224x224,synthetically generated prototype image
test/ketamine/positive/ketamine_positive_0000.png,test,ketamine,positive,1,True,45,1.0287,224x224,synthetically generated prototype image
test/ketamine/positive/ketamine_positive_0001.png,test,ketamine,positive,1,True,30,1.1142,224x224,synthetically generated prototype image
test/ketamine/positive/ketamine_positive_0002.png,test,ketamine,positive,1,True,45,1.1126,224x224,synthetically generated prototype image
test/ketamine/positive/ketamine_positive_0003.png,test,ketamine,positive,1,True,45,0.8969,224x224,synthetically generated prototype image
test/ketamine/positive/ketamine_positive_0004.png,test,ketamine,positive,1,True,45,1.1281,224x224,synthetically generated prototype image
test/ketamine/positive/ketamine_positive_0005.png,test,ketamine,positive,1,True,0,0.9507,224x224,synthetically generated prototype image
test/ketamine/positive/ketamine_positive_0006.png,test,ketamine,positive,1,True,45,0.9816,224x224,synthetically generated prototype image
test/ketamine/positive/ketamine_positive_0007.png,test,ketamine,positive,1,True,45,1.0986,224x224,synthetically generated prototype image
test/ketamine/positive/ketamine_positive_0008.png,test,ketamine,positive,1,True,45,0.9504,224x224,synthetically generated prototype image
test/ketamine/positive/ketamine_positive_0009.png,test,ketamine,positive,1,True,15,0.8307,224x224,synthetically generated prototype image
test/ketamine/negative/ketamine_negative_0000.png,test,ketamine,negative,0,True,30,0.9768,224x224,synthetically generated prototype image
test/ketamine/negative/ketamine_negative_0001.png,test,ketamine,negative,0,True,0,0.8435,224x224,synthetically generated prototype image
test/ketamine/negative/ketamine_negative_0002.png,test,ketamine,negative,0,True,0,1.1051,224x224,synthetically generated prototype image
test/ketamine/negative/ketamine_negative_0003.png,test,ketamine,negative,0,True,45,0.8497,224x224,synthetically generated prototype image
test/ketamine/negative/ketamine_negative_0004.png,test,ketamine,negative,0,True,45,1.1333,224x224,synthetically generated prototype image
test/ketamine/negative/ketamine_negative_0005.png,test,ketamine,negative,0,True,45,0.9211,224x224,synthetically generated prototype image
test/ketamine/negative/ketamine_negative_0006.png,test,ketamine,negative,0,True,15,1.0261,224x224,synthetically generated prototype image
test/ketamine/negative/ketamine_negative_0007.png,test,ketamine,negative,0,True,0,0.9149,224x224,synthetically generated prototype image
test/ketamine/negative/ketamine_negative_0008.png,test,ketamine,negative,0,True,0,0.8985,224x224,synthetically generated prototype image
test/ketamine/negative/ketamine_negative_0009.png,test,ketamine,negative,0,True,15,0.8325,224x224,synthetically generated prototype image
test/ketamine/inconclusive/ketamine_inconclusive_0000.png,test,ketamine,inconclusive,2,True,30,0.8025,224x224,synthetically generated prototype image
test/ketamine/inconclusive/ketamine_inconclusive_0001.png,test,ketamine,inconclusive,2,True,30,0.8709,224x224,synthetically generated prototype image
test/ketamine/inconclusive/ketamine_inconclusive_0002.png,test,ketamine,inconclusive,2,True,15,0.8425,224x224,synthetically generated prototype image
test/ketamine/inconclusive/ketamine_inconclusive_0003.png,test,ketamine,inconclusive,2,True,45,0.9293,224x224,synthetically generated prototype image
test/ketamine/inconclusive/ketamine_inconclusive_0004.png,test,ketamine,inconclusive,2,True,30,0.8134,224x224,synthetically generated prototype image
test/ketamine/inconclusive/ketamine_inconclusive_0005.png,test,ketamine,inconclusive,2,True,0,1.0249,224x224,synthetically generated prototype image
test/ketamine/inconclusive/ketamine_inconclusive_0006.png,test,ketamine,inconclusive,2,True,45,0.9357,224x224,synthetically generated prototype image
test/ketamine/inconclusive/ketamine_inconclusive_0007.png,test,ketamine,inconclusive,2,True,0,0.9329,224x224,synthetically generated prototype image
test/ketamine/inconclusive/ketamine_inconclusive_0008.png,test,ketamine,inconclusive,2,True,30,1.0653,224x224,synthetically generated prototype image
test/ketamine/inconclusive/ketamine_inconclusive_0009.png,test,ketamine,inconclusive,2,True,15,0.8783,224x224,synthetically generated prototype image
